review,ac,air_panas,bau,general,kebersihan,linen,service,sunrise_meal,tv,wifi
over all baik tapi kalau bisa kolong tempat tidur jg dibersihkan ya karena terdapat pampers bayi bekas,neut,neut,neut,pos,neg,neut,neut,neut,neut,neut
ac jarus dixcek secara berkakak tanpa harus menunggu customer complained terimakasih,neg,neut,neut,neut,neut,neut,neut,neut,neut,neut
Nyaman tp ac bocor,neg,neut,neut,neut,neut,neut,neut,neut,neut,neut
Kamarnya kotor apalagi kamar mandi kotor tak terawat. WiFi tidak bisa. No recommended,neut,neut,neut,neut,neg,neut,neut,neut,neut,neg
agak kotor di kamar yg lantai 2.,neut,neut,neut,neut,neg,neut,neut,neut,neut,neut
cemilan ga da padahal nginap sampe 4 hari berturut2,neut,neut,neut,neut,neut,neg,neut,neut,neut,neut
Seprai berdebu dan cenderung kusam. Remote AC ga berfungsi. Lantai kamar mandi licin bahkan dalam ke,neg,neut,neut,neut,neg,neg,neut,neut,neut,neut
bagusss nyamn sayang watku ak nginpe kmar mandi nya bau bgt semuga lebih baik lg kdepan rekomended bgt,neut,neut,neg,neut,neut,neut,neut,neut,neut,neut
tmpt tdr kurang bersih,neut,neut,neut,neut,neg,neut,neut,neut,neut,neut
kmr nyman syaf ramah cuman wif error mlulu pesen with brekfast sampe jam 10 paig blm dantar masa harus diingeti dlu lampu kamar agak remang2,neut,neut,neut,neut,neut,neut,pos,neg,neut,neg
"Secara objektif harus puas dengan fasilitas dan pelayanan yang diberikan sesuai harga kamar. AC, TV, Toilet, Tempat Tidur bahkan ada Balkonnya, lokasi mudah dijangkau hanya saja kala itu ketika check-in sambutan kurang ramau menurut saya mungkin karena resepsionisnya tdk ada yg ada Bos nya jadi beda lalu lampu tidur dikamar mati. Overall Mantab!",pos,neut,neut,pos,neut,neut,neg,neut,pos,neut
"Pelayanannya ramah, tempat strategis&byk tempat makan. Dgn budget murah udh dpt sarapan, cemilan&fasilitas kmar yg lumayan. Demi kenyamanan, utk keberishan dtingkatkan lagi. Next..balik lagi ksniÃ°ÂÂÂ",neut,neut,neut,neut,neg,pos,pos,pos,neut,neut
biasa ajaa remoote ac ga berfungi baru kali ini saya kevewa dagn airy biasanya dapet souvernier dari airy yg ini boro boro welkkom snack aja ga ada,neg,neut,neut,neut,neut,neg,neut,neut,neut,neut
spreinya kurang bersih. masih ada bekas rambutnya yg kamar atas. ,neut,neut,neut,neut,neg,neg,neut,neut,neut,neut
Lumayan....tp kebersihanya masih kurang...selimut dan bantal nya kuning...harap ditingkat kan lagi...kebersihan nya,neut,neut,neut,neut,neg,neg,neut,neut,neut,neut
kamar bersih .nyaman. ada desain gambar di dinding yang membuat kesan tersendiri sayang. enggak ada tong sampah. sama selimut di kamar,neut,neut,neut,neut,pos,neg,neut,neut,neut,neut
"awalnya sy mendapat kamar yg AC nya ga berfungsi dingin. Dan saya komplain ke receptionist, lalu sy dipindahkan ke kamar yg lebih bagus. kamarnya yg baru itu nyaman, bersih, ada cahaya matahari yg buat segar, ada snack, air mineral, peralatan mandi, dsb. saya puas Ã°ÂÂÂ",neg,neut,neut,neut,pos,pos,neut,neut,neut,neut
"air shower kecil dan lama panas, wifi lambat",neut,neg,neut,neut,neut,neut,neut,neut,neut,neg
Lebih di tingkatkan kebersihan kamar. ,neut,neut,neut,neut,neg,neut,neut,neut,neut,neut
cukup nyamman numun pirlu ditingkatkan lg kebersian kmr mndi miminal tdk bau,neut,neut,neg,neut,neg,neut,neut,neut,neut,neut
"wc agak kotor, sampe malem brisik kena anak kecil kurang kedap suara",neut,neut,neut,neut,neg,neut,neut,neut,neut,neut
"kmr yg di berikan tdk sesuai sama pesanan di apk...pesanan double bet..malah di kasih singel...di komplen malah di kasih twin bet..katax yg double bet baru di bersihkan...pdhl pesanx 1 hari sebelumx..dan kmr mandi sempit,jorok kebangetan..pdhal hotel syariah.pihak hotel menduakan pesanan lewat aplikasi",neut,neut,neut,neut,neg,neut,neg,neut,neut,neut
kurang siap untuk kebutuhan mandinya waterheaternya ga bisa disetel tp lumayanlah msh dpt sarapan,neut,neg,neut,neut,neut,neg,neut,pos,neut,neut
"kamarnya luas, hotelnya tenang,kolam luas, namun dr kamar mandi ada bau tidak sedap, sepertinya dari saluran pembuangan.. but overall bagus..!!",neut,neut,neg,pos,neut,neut,neut,neut,neut,neut
"berisik,kamar kurang bersih,bwt yg lainnya lumayanlah untuk budget segitu",neut,neut,neut,pos,neg,neut,neut,neut,neut,neut
nyman bngt. tpi knpa wifi tdk dpat dgunakan,neut,neut,neut,neut,neut,neut,neut,neut,neut,neg
saat kedatangan pertama ga terlalu kotor speri nya krana nyaman bisa di tolaran dan mureh kami datang kembali kedatangan yg kedua dgan harga lebih mahal tp spirai snagatt kotor say minta tolong diganti tp kataian tidak ada lg sperainnya dnann tidak tahu taro dmnna sy minta ganti kamar dibilangya penuh selain sprai kotor lanta jug kotor,neut,neut,neut,neut,neg,neg,neut,neut,neut,neut
sukaa cuma wifinya agk lmot,neut,neut,neut,neut,neut,neut,neut,neut,neut,neg
"resepsionis nggak ramah,gak ada senyum.,handuk nggak dikasih,,di janji kan mau diantar,,tp sampa check out,,mana handuk nya?? water  heater mati,,lantai debuan.. hadeeuuhh..",neut,neg,neut,neut,neg,neg,neg,neut,neut,neut
"kamar bau rokok, ac kurang dingin",neg,neut,neg,neut,neut,neut,neut,neut,neut,neut
nyaman tapi lantai terasa lembab dan basah,neut,neut,neut,neut,neg,neut,neut,neut,neut,neut
pelayanan buruk dan tidak ada sarapan.,neut,neut,neut,neut,neut,neut,neg,neg,neut,neut
"nyaman, bersih, wangi tapi sayang fasilitas seperti remot tv dan saklar lampu kamarnya tidak bisa di gunakan , mohon bisa di perbaiki lagi yaa agar lebih memuaskan pelanggan good deh airyroom",neut,neut,pos,neut,pos,neut,neut,neut,neg,neut
tidak sesuai. baru kali ini saya menginap di airy dengan kamar seperti itu. saya selalu menghunakan airy kemanapun saya pergi. saya sangat kecewa karna kamarnya jorok. tidak ada yg rama stafnya. saya minta bersiin kamar pagi saya balik jam 9 malam tetap juga belum dibersihkan. ragu menggunakan airy kembali. tidak sesuai gambar kali ini,neut,neut,neut,neg,neg,neut,neg,neut,neut,neut
"alamat susah dicarinya, ac gk dingin, tdk ada air panas",neg,neg,neut,neut,neut,neut,neut,neut,neut,neut
"semua fasilitas sesuai , hanya wifi aja yg kurang bagus , nyaman , bersih , dan ga ribet pokoknya ok deh ",neut,neut,neut,pos,pos,neut,neut,neut,neut,neg
Fasilitas Baik kebersihan kurang Karena lantai Tampak kolor Dan di kamar Mandi Ada kecoa,neut,neut,neut,neut,neg,neut,neut,neut,neut,neut
"TV remote krg berfungsi, AC remote tdk berfungsi, wastafel kecil air nya.",neg,neut,neut,neut,neut,neut,neut,neut,neg,neut
"Kedua kali nginap disini, overall good price/value. lokasi strategis, sayangnya air panas waktu itu tidak nyala dan beberapa fasilitas (kursi, cat tembok) belum diperbaiki. semoga makin baik ke depannya.",neut,neg,neut,neut,neut,neut,neut,neut,neut,neut
"kamar mandi agak kotor, dan televisi tidak support untuk memutar file video dari flashdrive.",neut,neut,neut,neut,neg,neut,neut,neut,neg,neut
"kelebihan: Pelayanan staffnya ramah. Kamar bersih, AC dingin, tersedia air hangat, sarapannya soto, parkir luas, sebelah mini market, diberikan snack kekurangannya: wifi tidak unlimited, hanya 12 jam senilai Rp 5000 (berupa voucher), lift ACnya tidak terasa n agak bau (mgkn krn jarang digunakan)",pos,neg,neut,neut,pos,pos,pos,neut,neut,neg
tv layarr cum 1/4 3/4 bagian layar tidak jals sairn chanel sering hilgn lebih cocok disbtt homestay drpad hotel lokasi sulit dacri karena masuk gang terus masuk gang kecil lagi enaknya semua snack gratis,neut,neut,neut,neut,neut,pos,neut,neut,neg,neut
"kamar kotor, kamar mandi kotor, air kecil penempatan kamar mandi tidak sesuqi",neut,neut,neut,neut,neg,neut,neut,neut,neut,neut
"Sudah cukup, hanya perlu diatasi bau apek nya saja",neut,neut,neg,neut,neut,neut,neut,neut,neut,neut
bebrapa kaki mati lampu dan seri serta selimut kurang bersih,neut,neut,neut,neut,neg,neg,neut,neut,neut,neut
"Fasilitas kurang memuaskan...saluran televisi cm ada 3 saluran, AC kurang dingin. Karna kurang memuaskan saya jam 5 sore sudah cek out, masuk jam 2 siang keluar jam 5 sore.",neg,neut,neut,neut,neut,neut,neut,neut,neg,neut
"Wifi error, kamar mandi kotor, shower air hangat tidak menyala",neut,neg,neut,neut,neg,neut,neut,neut,neut,neg
"Bersih dan nyaman, tapi AC nya kurang dingin dan juga bocor. ",neg,neut,neut,neut,pos,neut,neut,neut,neut,neut
"kamar nya bersih, pelayan nya juga baik, akses nya gampang. kamar  mandi nya oke, cuma air panas nya mati, so lumayan lah. ",neut,neg,neut,neut,pos,neut,pos,neut,neut,neut
"Airnya kurang lancar, bau asap rokok, sarung bantal belom di ganti. Isi kotak kosong tidak ada air mineral dan tidak seperti di tampilan.",neut,neut,neg,neut,neut,neg,neut,neut,neut,neut
"nyaman, memuaskan hanya saya dipojokan kamar banyak semut",neut,neut,neut,neut,neg,neut,neut,neut,neut,neut
Kebersihan harap di tingkatkan,neut,neut,neut,neut,neg,neut,neut,neut,neut,neut
"501 kamar mandi agak bau, sprei nya kurang bersih. selebihnya oke",neut,neut,neg,neut,neut,neg,neut,neut,neut,neut
"Remote ac ga ada, bingung nyari mbanya malem2",neg,neut,neut,neut,neut,neut,neut,neut,neut,neut
Wastafel kamar mandi sering mampet. Peralatan mandi cuman dpat 1 set. Untuk cleaning room nya cuman dirapiin tdk diganti badcovernya,neut,neut,neut,neut,neut,neg,neut,neut,neut,neut
"AC kurang dingin, listrik bunyi-bunyi mulu bikin tidak pules tidur, kunci pintu susah buat buka sama munutupnya ",neg,neut,neut,neut,neut,neut,neut,neut,neut,neut
Saya pesan 3 kamar 1 kamar nya parah bgt lembab selimut kotor lagi. ,neut,neut,neut,neut,neg,neut,neut,neut,neut,neut
ac nya gak dingin... cuma brasa dry tanpa cool,neg,neut,neut,neut,neut,neut,neut,neut,neut,neut
untuk kamar...lumayan baik. cuma pelayanan saja yg agak kurang baik. terhadap tamu kurang ramah. semoga... kedepannya semakin baik,neut,neut,neut,neut,neut,neut,neg,neut,neut,neut
Wi fi kurang bagus,neut,neut,neut,neut,neut,neut,neut,neut,neut,neg
sahur lupa diantar ke kamar padahal udah pesan. hotelnya suram tapi kamar oke.,neut,neut,neut,neut,neut,neut,neut,neg,neut,neut
"sangat memuaskan. Sprei dan handuknya wangi, kamarnya cukup bersih dan nyaman. AC dan air panasnya berfungsi dengan baik. Saluran TV sedikit bermasalah tapi cukup memuaskan. ini pengalaman kedua saya di airy gunung sahari. Terima.kasih",pos,pos,neut,neut,pos,pos,neut,neut,neg,neut
"kamar jelek, tembok jamuran",neut,neut,neut,neut,neg,neut,neut,neut,neut,neut
kamar nya bau jamur.. lembab.. kurang nyaman.. ,neut,neut,neg,neut,neut,neut,neut,neut,neut,neut
"ga ada handuk , ac ga dingin , kamar kotor , semoga selanjutnya di upgrade lagi masalah kenyamananny",neg,neut,neut,neut,neg,neg,neut,neut,neut,neut
Kurang memuaskan.  Wc nya sudah jelek. Ac nya berisik..  Dan tempat sangat tidak nyaman...,neg,neut,neut,neut,neut,neut,neut,neut,neut,neut
"air panas ga berfungsi,wastafel bocor,tirainya kok kotor sekali...",neut,neg,neut,neut,neg,neut,neut,neut,neut,neut
pelyanan memuaskan cm air hangatnya tidaj jln,neut,neg,neut,neut,neut,neut,pos,neut,neut,neut
"Hotelnya nyaman, lengkap dan luar. Tapi sayang saya dapet kamar yang ac nya kurang dingin. Mungkin untuk kedepannya dapat di perbaiki",neg,neut,neut,neut,neut,neut,neut,neut,neut,neut
Air hangat kadang mati,neut,neg,neut,neut,neut,neut,neut,neut,neut,neut
"all perfect, hanya kurang informatif untuk wifi dan nomor operator yg dpt dihubungi",neut,neut,neut,neut,neut,neut,neut,neut,neut,neg
baguss sekali. lebih ditingkatkan aja pelayanan nya . senang ada airy di kampung halaman . thanks airy,neut,neut,neut,neut,neut,neut,neg,neut,neut,neut
ac dingin. air panas oke. tv bruwet,pos,pos,neut,neut,neut,neut,neut,neut,neg,neut
"hotel sudah tua, jadi karpet terkesan bau apek, tapi kelengkapan kamar baik, walaupun kami dapat kamar standar bukan kamar airy room, menu sarapan sangat baik.",neut,neut,neut,neut,neut,pos,neut,pos,neut,neut
Saya batal menginap karena listrik mati. pelayanan kurang ramah.,neut,neut,neut,neut,neut,neut,neg,neut,neut,neut
pelayanan receptionis agak angkuh.. terutama yg cewe ngga sopan mohon manajemen tindak lanjuti,neut,neut,neut,neut,neut,neut,neg,neut,neut,neut
"pelayanannya baik dan ramah,room nya bersih dan nyaman tp ac nya gak dingin....",neg,neut,neut,neut,pos,neut,pos,neut,neut,neut
Kamar mandi agak sedikit bau dan parkiran cukup sulit,neut,neut,neg,neut,neut,neut,neut,neut,neut,neut
"bau asap rokok dari kamar sebelah, sprei nya banyak noda kekuningan gtu",neut,neut,neg,neut,neg,neg,neut,neut,neut,neut
"kotor, ac bocor,sandal kamar ga ada. sarapan pagi ga ada. sprei dan selimut sudah bulukan. lantai berdebu, rambut dikamar mandi nyumbat saluran air. ihh airy cari rekanan yg bagus dikit. nyeremin tidurnya tapi udah kemalaman sampe mau gimana Lagi.",neut,neut,neut,neut,neg,neg,neut,neg,neut,neut
"fasilitasnya not bad!atitude karyawanya tdk memuaskan,dan hotelnya serem banyak hantu",neut,neut,neut,neut,neut,neut,neg,neut,neut,neut
Penginapan ini cukup rensentatif dan sayangnya air panasnya tidak maksimal,neut,neg,neut,neut,neut,neut,neut,neut,neut,neut
"Pelayanan baik, kamar bersih, dekat dgn kuliner, hanya gak ada hot water.. Siap2 kedinginan...",neut,neg,neut,neut,pos,neut,pos,neut,neut,neut
"hanya wifi yg kurang memuaskan, wifi tidak bisa dipakai, selebihnya tidak masalah",neut,neut,neut,pos,neut,neut,neut,neut,neut,neg
"Kecewa bgt, di mulai dari pelayanan di awal nya yg lelet bgt ngasih kunci kamar, penjaga nya malah berantem dulu, kamar yg kotor (  kaya jarang di bersihin ) debu dimana mana, peralatan tidur nya bau apek, AC rusak kamar mandi nya kotor bgt, gaada peralatan mandi kaya di airy yg lain, pkoknya kecewa bgt gak sesuai sm yg di tawarkan di aplikasi airy",neg,neut,neut,neg,neg,neg,neg,neut,neut,neut
agak jorok wcnya dan spraynya gak bersh,neut,neut,neut,neut,neg,neg,neut,neut,neut,neut
"Air asin, kamar kotor dan wc kotor.",neut,neut,neut,neut,neg,neut,neut,neut,neut,neut
"ga da wifi d lantai 2,kamar mandi ga da gantungan handuk or baju,over all bagus,n recomended",neut,neut,neut,pos,neut,neg,neut,neut,neut,neg
manajement yg sangat buruk sudah terbit voucer hotel tapi sampai disana malah kamar ful,neut,neut,neut,neut,neut,neut,neg,neut,neut,neut
air panaz tidak berfungsi kebersiahn kamar kurang,neut,neg,neut,neut,neg,neut,neut,neut,neut,neut
"klo sekedar untuk tidur lumayan lah , tidak ada tempat untuk parkir mobil, fasilitas kamar ok untuk harga segitu . kekurangannya harus tingkatkan lg kebersihan kamar, seprei diganti jangan sampai banyak serangga.",neut,neut,neut,neut,neg,neg,neut,neut,neut,neut
sangat baik semua nya..hanya tdk ada air panas utk mandi..sdg di perbaiki..,neut,neg,neut,pos,neut,neut,neut,neut,neut,neut
"Kurang ramah resepsionistnya,tvnya juga gk bersih chanelnya",neut,neut,neut,neut,neut,neut,neg,neut,neg,neut
"ac kamar berisik, staf hotel tidak ramah, makanan kurang sip",neg,neut,neut,neut,neut,neut,neg,neg,neut,neut
ada perbaikk air tapi ga diasi tau sehingga sempat mandi air kotor pelyananana kurang ramah,neut,neut,neut,neut,neg,neut,neg,neut,neut,neut
"kamar terlalu luas, sayang cuma bisa untuk 2 orang jadi lebih keliatan mubazir. + kamar bersih, bed bersih, toilet bersih. fasilitas ok lah. harga murah banget, pake kupon diskon. - wifi ga bisa connect. sarapan kurang sesuai (sambel lontong terlalu pedas). keep goin' airy!",neut,neut,neut,neut,neg,pos,neut,neg,neut,neg
"tolong harus ada stok selimut cadangan lah, masak selimut bekas dan bau sekali ga diganti dengan alasan semua selimut dipakai,",neut,neut,neut,neut,neut,neg,neut,neut,neut,neut
"Saya batal menginap karena tempatnya agak jorok, bau tidak enak. Baru masuk gerbang sudah di sambut dengan jemuran cucian",neut,neut,neg,neut,neg,neut,neut,neut,neut,neut
"bagus tempatnya luas, tp sayang agak sedikit kotor",neut,neut,neut,neut,neg,neut,neut,neut,neut,neut
"Menurut saya tidak ada ruang resepsionis, jadi kalau mau ketemu petugasnya bingung. Terus kemarin masuk kantor ada 2 orang sepertinya pemilikinya tapi tidak ramah. Mereka berdua asik makan sedangkan yang jaga melayani saya. Seharusnya sebagai pemilik sekedar basa basi dan membuat tamu nyaman ini tidak sama sekali makan saja. Air ditoilet pas mandi eh habis air sedang sampoan lagi itu. Sama ruang penginapan dan kost sepertinya nyatu dalam 1 gedung. Seharusnya untuk kost sendiri untuk penginapan yg pakai online atau airy room dipisah, oh ya spreinya sepertinya tidak di ganti. Soalnya bikin gatal akhirnya saya tidur di atas bedcover. Saran di perbaiki lagi pelayanannya biar bagus. Sama kalau bisa ruang penginapan kasih jendela yang menghadap pemandangan. Jangan menghadap lorong kan kelihatan orang lain kalau yang suami istri atau ganti baju. Walaupun pakai korden.",neut,neut,neut,neut,neut,neg,neg,neut,neut,neut
smuanyah ok tip sanc gk ada katnua blum dikirim dri pihak airy nya remmot tv tdk berfungsi,neut,neut,neut,pos,neut,neg,neut,neut,neg,neut
"Kamarnya bau tidak enak, ACnya tidak dingin..",neg,neut,neg,neut,neut,neut,neut,neut,neut,neut
"Kamar no. 6 shower air hangat tidak berfungsi dengan baik, banyak rambut diselimut.",neut,neg,neut,neut,neut,neg,neut,neut,neut,neut
"Lokasi sangat strategis, dekat dengan landmark Palembang dan kuliner khas Palembang di sekelilingnya. Pada saat keluarga dan saya menginap di sana WIFI tidak berfungsi. Tidak ada shower air panas.",neut,neg,neut,neut,neut,neut,neut,neut,neut,neg
Bagus... air panas nya tidak menyala,neut,neg,neut,neut,neut,neut,neut,neut,neut,neut
kamar nya kurang dingin Krn AC nya rusak. penanganan pindah kamar lama,neg,neut,neut,neut,neut,neut,neg,neut,neut,neut
"lumayan, keseluruhan nyaman sayangnya, ada beberapa hal yang harus diperhatikan, kurangnya kebersihan pada kamar, ada bekas rexona di bawah kasur dari tamu awal, tapi selebihnya luar biasa. nyaman, wifi cepat. pelayanan yang baik. terimakasih. rekomended buat backpacker yang bingung nyari tempat untuk menginap, terimakasih airy. anda memang keceeee",neut,neut,neut,pos,neg,neut,pos,neut,neut,pos
datang langsung ditolak karena Miss comunication antara airy dan pemilik tempat tv nya rusak hordeng ga tertutup rapet kamarnya besar banget air nya kurang panas dikit kasur nyaman banget ada meja kursi jg buat kerja ada kulkas buat nyimpen makanan & minuman,neut,neg,neut,neut,neut,pos,neg,neut,neg,neut
"Toiletnya kotor, banjir, dan tidak bisa di flush sangat mengecewakan. AC kurang dingin. pelayanan lu",neg,neut,neut,neut,neg,neut,neut,neut,neut,neut
kebersihannya perlu ditingkatkan lagi.... males banget pas baru masuk bau asap rokok gitu...,neut,neut,neg,neut,neg,neut,neut,neut,neut,neut
"Kamar kotor seperti tidak pernah dibersihkan, seprei tidak diganti, kamar mandi wastafelnya bocor lampu sangat redup tembok berkarat sampai berearna hitam, air panas tidak nyala, tv gambarnya buram. Hotel seperti tidak terawat padahal di foto terlihat bagus tapi ternyata hanya gambar saja. Mohon segera ditingkatkan kualitasnya",neut,neg,neut,neut,neg,neg,neut,neut,neg,neut
"ac tidak dingin,  bangunan lama, naik ke lantai 3 dgn tangga, no Wifi,  service dari para petugas hotel yang kurang memuaskan, kualitas kebersihan kurang,  tidak seperti layaknya kualitas hotel airy lain nya, mohon standard hotel airy room lebih di tingkatkan lagi, terima kasih",neg,neut,neut,neut,neg,neut,neg,neut,neut,neg
"Sepreynya bolong,remote tvnya g ada, saluran tvnya g jelas karna antenanya g ada jd g bs nonton, untungnya hanya semalem nginepnya",neut,neut,neut,neut,neut,neg,neut,neut,neg,neut
"pelayanan dari cleaning service lambat,  wifi putus nyambung, cuma menang tempat strategis",neut,neut,neut,neut,neut,neut,neg,neut,neut,neg
"wifi nya di lantai 2 lagi rusak, banyak serangga2 kecil, sinyal telkomsel dan 3 tidak masuk jd hp gak bisa dihubungin. pelayanan kamar oke. semua fasilitas berfungsi. ",neut,neut,neut,neut,neg,neut,pos,neut,neut,neg
"Sdh sering kesana.. semua nya OK. Cuma pas terakhir menginap, pendingin ruangan 308 TIDAK dingin. ",neg,neut,neut,pos,neut,neut,neut,neut,neut,neut
"pelayanan ramah, kamar nyaman, cuma agak sempit. tv tidak terlalu jelas, ada semutnya.",neut,neut,neut,neut,neut,neut,pos,neut,neg,neut
Pelayanan bagus...mohon AC nya segera diservice supaya lebih dingin lagi...,neg,neut,neut,neut,neut,neut,pos,neut,neut,neut
ac nya sering mati sendiri,neg,neut,neut,neut,neut,neut,neut,neut,neut,neut
"kamar yang bocor,servisnya kurang, kebersihan",neut,neut,neut,neut,neg,neut,neg,neut,neut,neut
untuk AC di harap bisa lebih baik dan bisa di kondisionalkan kembali... terkadang AC tidak bsa d remote.. untuk air panas supaya di aktifkan...,neg,neg,neut,neut,neut,neut,neut,neut,neut,neut
"air kecil, kolam kotor,ac ga dingin,sedih bgt deh, tp petugasnya baik",neg,neut,neut,neut,neut,neut,pos,neut,neut,neut
"lokasinya sih bagus, bangunannya juga bersih, tapiii penjaganya agak kurang bersahabat. hati2 yaa kalo dateng bertiga bisa diminta ongkos tambahan, padahal waktu itu gara2 roomnya penuh. agak kapok sih nginap disini. apalagi suka banjir juga.",neut,neut,neut,neut,pos,neut,neg,neut,neut,neut
kamar bersih.selimut kotor dan kasar lagi.ga ada remote ac.trus panas. tv tabung kecil 20 inc.air kencang.wifi ga nyampe kamar.cma 1 garis.palayanan lambat pas cek in ga ada resepsionisnya nunggu lama baru siap.,neg,neut,neut,neut,pos,neg,neg,neut,neg,neg
brekfast enag fasilitass cukp baaik hanya jalam maasuk ke hotel sangatt kevcil hanya muat 1 mobik medum mpv kalo romboangan nak hi ace tdk muat dna adaa kamr yg baou lebab mungkin pihak manajement bisaa melakuka perbaian tapi overall ok hoel ini harga trjangkau tingkatkan trus pak nyoman recomended hoel with low budgt,neut,neut,neg,pos,neut,neut,neut,pos,neut,neut
"baik,hanya aroma airnya yg kurang mendukung saat mandi seperti bau got",neut,neut,neg,neut,neut,neut,neut,neut,neut,neut
panas sekali waktu malam wif nya tidak berfungi,neg,neut,neut,neut,neut,neut,neut,neut,neut,neg
"Pas di kantong harga okay kagak lebay, harga dan kamar berbanding lurus, siaran TV hanya kompas TV dan TV dangdut aja.",neut,neut,neut,neut,neut,neut,neut,neut,neg,neut
Kebersihan kamar (lantai) perlu ditingkatkan lagi,neut,neut,neut,neut,neg,neut,neut,neut,neut,neut
udah enak to kurang bersih,neut,neut,neut,neut,neg,neut,neut,neut,neut,neut
"hanya jaringan wifi saja yg perlu diperbaiki, selebihny sudah ok",neut,neut,neut,pos,neut,neut,neut,neut,neut,neg
hadnuk keliahaan kootor dan ada bercak-bercak tidak ptih lagi dan soebk sobek piggirnya,neut,neut,neut,neut,neg,neg,neut,neut,neut,neut
kamar sesuai harga.. pelayanan staff sangat baik. ada air panas. tapi sepray kuning smua. handuknya coklat bau belum kering. tidak ada lift tapi saya betah disana,neut,pos,neut,neut,neut,neg,pos,neut,neut,neut
Kamar apek dan kebersihannya kurang diperhatikan.,neut,neut,neg,neut,neg,neut,neut,neut,neut,neut
kotor maknan pagi nasi goreng saja tpi ibya baik ramh,neut,neut,neut,neut,neg,neut,pos,neg,neut,neut
"Cukup nyaman, kamar bersih, kamar mandi lumayan. Cm 1 yg kurang: layar tv mati sendiri tp suara ada, ini trjdi di kmr deluxe. Over all hotel ini recomended. ",neut,neut,neut,pos,pos,neut,neut,neut,neg,neut
toiltt koorl n jorok gak ada air minerall snak n perlengkapan mandi seprti yang diiklankan burk,neut,neut,neut,neut,neg,neg,neut,neut,neut,neut
"ac nya lumayan dingin dan air acnya bocor jadi basah lantainya, wifinya ga ada alasannya dalam perbaikan. menu makanannya dari sekalian banyak cuma 2 aja yg tersedia, untuk kamar bagus dan luas. Terimakasih. ",neg,neut,neut,neut,neut,neut,neut,neg,neut,neg
"pelayannan-nya ramah banget Ã¢ÂÂ¤Ã¯Â¸ÂÃ°ÂÂÂ dan kalauÃ¢ÂÂpun kurang paham mereka menjelaskan lagi sampai kita paham, sarapannya juga enak ,hanya saja sedikit tidak bersih kasur-nya mungkin bisa lebih baik lagi kedepan-nya , AC -nya dingin Ã°ÂÂÂ ada air hangat-nya juga untuk shower, over all itÃ¢ÂÂs good not bad Ã°ÂÂÂ.",pos,pos,neut,pos,neut,neg,pos,pos,neut,neut
"Parkiran jauh. Kolam renang depan kamar Y12 bau, kotor. Baru mau masuk kamar, sampah berserakan di depan pintu. Masuk kamar, lantai licin, karna ngepelnya kebanyakan sabun mungkin. Tidak ada sandal hotel lagi. Kamar mandi showernya patah juga.",neut,neut,neut,neut,neg,neg,neut,neut,neut,neut
air panasnya tidak stabil,neut,neg,neut,neut,neut,neut,neut,neut,neut,neut
"Kurang baik, kurang terasat dan kurang bersih. Koper saya di masuki kelabang di dalam kamar. Bahaya banget.",neut,neut,neut,neut,neg,neut,neut,neut,neut,neut
"Sudah cukup baik, tapi fasilitas kamar masih kurang, sepetti TV, kamar mandi, ac tidak dingin, dan meja yg terlalu kecil, ",neg,neut,neut,neut,neut,neut,neut,neut,neg,neut
"AC nya kurang dingin, selimutnya sangat tipis.",neg,neut,neut,neut,neut,neg,neut,neut,neut,neut
kamar bau dan kotor. kamar mandi kotor bau air panas ngga keluar,neut,neg,neg,neut,neg,neut,neut,neut,neut,neut
Air asin..kmr kotor..wc kotor..,neut,neut,neut,neut,neg,neut,neut,neut,neut,neut
"Kamar masih ada bau debu. Kamar mandi showernya mampet, ga ada air panas jg :Ã¢ÂÂ)",neut,neg,neg,neut,neut,neut,neut,neut,neut,neut
ac kurang dingin..yang lainnya sudah ok,neg,neut,neut,pos,neut,neut,neut,neut,neut,neut
wifi buruk suka down,neut,neut,neut,neut,neut,neut,neut,neut,neut,neg
"air panas kecil,makanannya ala kadarnya dan tidak sesuai dengan tarif hotel kalau cuma itu saja",neut,neg,neut,neut,neut,neut,neut,neg,neut,neut
cek in jam 10 . dapet kamar yg di bilang cadangan di lantai 4 . soal jauh nya kamar juga kondisi tv ( kecil juga tabung ) yg berbeda dengan kamar lain di bawah masih bisa di tolerir lah tapi maaf soal AC nya ga bisa di tolerir . ga bisa istrahat karena kepanasan di dalam kamar . mohon utk di perhatikan lagi perlengkapan kamar demi kenyamanan cust.,neg,neut,neut,neut,neut,neut,neut,neut,neg,neut
"Tidak ada makanan ringan sama sekali, tidak ada ada air minum, tidak ada air panas,kamar berbeda den",neut,neg,neut,neut,neut,neg,neut,neut,neut,neut
Kecewa dengan hotel ini karena wifi bermasalah staff uda di panggil tapi ga bs menyelesaikan masalah. Dan di dpn kamar ada telpon yang sangat mengganggu tidur karena selalu berdering terus ,neut,neut,neut,neut,neut,neut,neut,neut,neut,neg
"pas dateng airy nya belum disiapkan, sampai checkout juga blm dikasih fasilitas airynya.. ",neut,neut,neut,neut,neut,neg,neut,neut,neut,neut
hotel bersih dan nyaman. tp kok ga dpt box snak sm peralatan khas airy ya...tp males ih komplain.,neut,neut,neut,neut,pos,neg,neut,neut,neut,neut
Kamarnya sebenarnya nyaman tetapi dari toiletnya tercium bau selokan padahal berada di lantai 2. Semoga diperbaiki lebih baik lagi ya.,neut,neut,neg,neut,neut,neut,neut,neut,neut,neut
"kamar nya luas enak banget,..pegawainya ramah,...,..sarannya mungkin handuk dan tempat tidurnya meskipun sdh bersih bisa dpakai pengharum,..",neut,neut,neg,neut,neut,neut,pos,neut,neut,neut
"hotel cukup bagus..  wifi sangat jelek di room 519, breakfast cukup walau menu terbatas. wakru cek in terlambat sekitar 15 menit dan unt cek out.. jam 10.30 sdh diingatkan. ",neut,neut,neut,neut,neut,neut,neut,pos,neut,neg
"Lumayan lah.. sangat terjangkau, namun perlu ada yg dibenahi soal kebersihan kasurnya. Kemarin saya mendapati kasurnya jorok, banyak helai rambur, sepertinya belum dibersihkan belum diganti seprei bekas pengunjung sebelumnya.",neut,neut,neut,neut,neg,neg,neut,neut,neut,neut
But air kamar mandi a bit smelly,neut,neut,neg,neut,neut,neut,neut,neut,neut,neut
banayak nyamu dan kecoa.... lantainya juga kotro banget!!! and too much noisi heeeee not that good hmmmm,neut,neut,neut,neut,neg,neut,neut,neut,neut,neut
pelayanan yang kurang baik,neut,neut,neut,neut,neut,neut,neg,neut,neut,neut
"kamar spt kos kos an , tidak ada handuk , tidak ada hot water parkir mobil sempit",neut,neg,neut,neut,neut,neg,neut,neut,neut,neut
"Tempatnya bersih, minus wifi nya ga bisa",neut,neut,neut,neut,pos,neut,neut,neut,neut,neg
"Bersih, nyaman dan lingkungan tenang. untuk dapur bisa diperbaiki lagi yaa.. agar lebih bersih Ã°ÂÂÂ",neut,neut,neut,neut,neg,neut,neut,neut,neut,neut
selimutd nya tipis spreu dan kain2 nya terliat bulukm air pnas nya tak berfungsi,neut,neg,neut,neut,neut,neg,neut,neut,neut,neut
"Lokasinya deket dengan Stasiun KRL, namun seprei masih ada bercak kotoran dan ruangannya sumpek walau AC nyala.",neut,neut,neg,neut,neg,neg,neut,neut,neut,neut
"mengecewakan. snack gak ada sama sekali, toiletries gak ada sama sekali, air panas gak bisa, wifi lemot maksimal.",neut,neg,neut,neut,neut,neg,neut,neut,neut,neg
"kalau segi kenyamanan agak kurang karena AC kurang dingin dan tolong kamar mandi setiap kamar rajin di bersihkan karena kemarin saya menginap ada semacam cacing hitam di lantai bawah (kmr 202). pelayanannya sangat bagus masnya ramah, disini disediain handuk",neg,neut,neut,neut,neg,pos,pos,neut,neut,neut
overall ok tapi saluran air menggenang dan flush closet macet ,neut,neut,neut,pos,neg,neut,neut,neut,neut,neut
Untuk AC tolong diperhatikan krn ruangn tdk dingin pdhl suhu 18 drjt tp AC tidak dingin...yg lain ok..,neg,neut,neut,pos,neut,neut,neut,neut,neut,neut
"air keran keluarnya kecil & rasanya asin, mungkin karna dekat daerah laut & sedang kemarau. jadi harus nampung dulu kalo mau MCK. handuk hanya tersedia 1, padahal orangnya 2. tempat masih dalam perbaikan, jadi kurang nyaman. jendela tidak ada tirai, jadi keliatan dari seberang. stop kontak hanya tersedia 1 untuk televisi, jadi kalo mau charger hp,kabel  tv harus dicabut. AC kurang dingin, padahal sudah 16ÃÂ°C. ada lemari pakaian yg besar, tapi tidak ada hangernya. keset tipis, jadi kalo mandi kesetnya ikutan basah. Ulasan diatas mungkin banyak minusnya, tapi sesuai lah dengan harganya. terimakasih.",neg,neut,neut,neut,neut,neg,neut,neut,neut,neut
"tempatnya nyaman dan bersih. cuma ketika masuk kamar, bau apek. saran saya supaya diberi pengharum ruangan",neut,neut,neg,neut,pos,neut,neut,neut,neut,neut
"sebenarnya saya bisa kasih sangat baik kalau kebersihan kamar dijaga, tks",neut,neut,neut,neut,neg,neut,neut,neut,neut,neut
tempatnya bersih dan nyaman tdk berisik yang kurang handuknya kurang bersih atau sudah lama bisa di ganti yang baru ,neut,neut,neut,neut,pos,neg,neut,neut,neut,neut
kamar jelek kasur pernya amblas. ada ac tapi tidak berfungsi jadi panas udah kayak tidak ada udara,neg,neut,neut,neut,neut,neg,neut,neut,neut,neut
loski hotlnya stratgis bangt deket kmana apalagi dkat dengn mal istna plza dekt pla dengn brgam tmpat wisat d psat kta kmrnya mski kcail tapi cukp nyman cma saran saya untuk di kamar mandi tolong ditmbahi dengan tempat smpah dan mmang nggak dksh skat sama odol ya trus untuk sprei dan srung bntal glng spaya lebih bersih lagi karena masih ada bekas bercak2 setidaknya dibersihkan dnegan pemutih pasti hilang deh kan spreinya warna putih tapi sejauh ini nyaman2 saja,neut,neut,neut,neut,neut,neg,neut,neut,neut,neut
"Assalamualaikum wr wb tampilan depan kotor, pelayanan kurang ramah, ac kurang dingin!",neg,neut,neut,neut,neg,neut,neg,neut,neut,neut
Kamar bersih tapi kamar mandi kotor tidak terawat. ,neut,neut,neut,neut,neg,neut,neut,neut,neut,neut
Sudah cukup baik. Harga segitu cuman untuk istrahat sudah sangat bagus. Hanya saja air hangatnya kurang berfungsi dengan baik,neut,neg,neut,neut,neut,neut,neut,neut,neut,neut
kamar mandi kotor. seprei dan sarung bantal kotor,neut,neut,neut,neut,neg,neg,neut,neut,neut,neut
air Asin. channel TV hancur gambarnya admit berantem,neut,neut,neut,neut,neut,neut,neut,neut,neg,neut
"Kamar bau apek bgt, toilet kotor",neut,neut,neg,neut,neg,neut,neut,neut,neut,neut
ac ga dgnin jauh dr harapan dan standrr airy,neg,neut,neut,neut,neut,neut,neut,neut,neut,neut
"kamar agak kotor, dan terlihat kurang bersih , berisik",neut,neut,neut,neut,neg,neut,neut,neut,neut,neut
"receptionist kurang ramah, lift kotor dan bau, air kamar mandi kurang lancar tapi air panas dari shower mantab, kebersihan bantal dan sprei perlu dievaluasi lagi. Amat disayangkan potensi yg sangat baik tidak didukung profesionalisme SDM nya, fungsi kontrolnya perlu ditingkatkan",neut,pos,neut,neut,neg,neg,neg,neut,neut,neut
"kolam nya kotor, free meal nya tidak sesuai dengan daftar",neut,neut,neut,neut,neut,neg,neut,neut,neut,neut
"Kamar Bau Rokok, snack dan pelengkap dari airy rooms tidak ada",neut,neut,neg,neut,neut,neg,neut,neut,neut,neut
"kamarnya gelap, selimut kuning, kamar Airy di lt 3 gk ada lift, sarapan apa adanya, wifi gk ada koneksi di kamar, gk nginap disini lg,,kecewa",neut,neut,neut,neut,neg,neg,neut,neg,neut,neg
ac ga dingin sama sekali. kamar mandi banyak kerak. sprei noda dan bau. handuk cuma 1 kecil dan warna kusam. semua furniture kotor.,neg,neut,neut,neut,neg,neg,neut,neut,neut,neut
tolong di tingkatkan kamar mandi nya,neut,neut,neut,neut,neg,neut,neut,neut,neut,neut
"kecewa penjaganya Krn kita dtgnya udh malem dan msh ada kerjaan balik lagi ke hotel udh jam 11 malem,Krn kesiangan bangun jam 11. siang baru cari makan pas jam 12 lg mandi udh di gedor2 Ama penjaganya dengan muka asem dan ngk ramah pas kita bilg msh siap2 dulu dengan galaknya dia bilg 'jangan lama2 dan tuh org nungguin di depan kamar",neut,neut,neut,neut,neut,neut,neg,neut,neut,neut
"Ekspresi pertama masuk kamar...seperti tidak pernah ditempat. Furniturenya tua, tv tabung warna berubah-ubah. Pelayanan ramah, tapi sprei 3 hari menginap tidak diganti. wifi kencang. Malam banyak binatang, susah tidur karena gatal.",neut,neut,neut,neut,neg,neg,pos,neut,neg,pos
"PAS BARU SAMPAI TERNYATA BELUM TERDAFTAR DI HOTEL INI, SNACK SUDAH TIDAK TERSEDIA YA? SOALNYA GA ADA.",neut,neut,neut,neut,neut,neg,neut,neut,neut,neut
"petugas penginapan baik dan ramah, tetapi sarung bantal agak apek dan seprei kurang bersih.",neut,neut,neut,neut,neg,neg,neg,neut,neut,neut
"saluran air d westafel buntu, Handuk kasar Jaringan wifi tdk smpai karna dpt kamar plg ujung Untuk air d showernya agak bermasalah dg air pnas dan dinginnya sehingga yg berfungsi cuman air panasnya. Mau komplain nanggung karna cuma bentar disini dan musti jalan kaki kedepan jauh bgt karna dapat kamar plg ujung :/ ",neut,neg,neut,neut,neut,neg,neut,neut,neut,neg
Toilet nya kotor. kamar mandi nya juga ga bersih. untuk kasur dan lain lain oke,neut,neut,neut,pos,neg,pos,neut,neut,neut,neut
saya srin nginip dsn biasanya nyaman tapi krmn saya ngine 2 hr dapat kamar no 22 ac panas tidak bras tidurpun sampai kringetan,neg,neut,neut,neut,neut,neut,neut,neut,neut,neut
"tidak sesuai gambar , kamar sempit , selimut bau , kamar bau tak sedap , ",neut,neut,neg,neut,neut,neg,neut,neut,neut,neut
kamarnya kurang bersih lantainya msh kotor..tuk sabun msh ditnykan dl baru diberikan..internetnya sering trouble..syang skali..semoga ditingkatkan lg kwalitasnya,neut,neut,neut,neut,neg,neg,neut,neut,neut,neg
"tempat oke nyaman ,bagus semuanya , cuma pelayannya kurang, minta password wifi ga di kasih .alasan ",neut,neut,neut,neut,neut,neut,neg,neut,neut,neut
sangat kecewa dengan kamar dan pelayanan staffnya! ,neut,neut,neut,neut,neut,neut,neg,neut,neut,neut
"Dengan harga yang murah, bisa dapat breakfast/sahur pas ramadhan. Lokasi strategis persis seberang gerbang Stasiun Cirebon. Yang perlu diperbaiki adalah jangkauan WiFi yang masih rendah, view dari kamar sangat terbatas, kasur yang mudah berubah bentuk, dan jangkauan TV yang masih terbatas.",neut,neut,neut,neut,neut,neut,neut,pos,neg,neg
"lokasi sangat strategis, parkir luas, air hangat berfungsi dgn baik. kurang bersih, selimut agak bau, dan tv kabel tidak berfungsi. ",neut,pos,neut,neut,neg,neg,neut,neut,neg,neut
"Nyaman,bersih, Tapi kasurnya sempit bener-bener untuk 2 orang dempetan tdurnya Wifi susah connect",neut,neut,neut,neut,neut,neut,neut,neut,neut,neg
air hangatnya tdk bisa di gunakan wcnya bau.. tdk ada handuk,neut,neg,neg,neut,neut,neg,neut,neut,neut,neut
"Tempat tidak sesuai dengan foto,kotor banget. Air panas tdk bisa d gunakan, lokasi sangat berisik banget. Menu sarapan pagi, kurang variatif. ",neut,neg,neut,neut,neg,neut,neut,neg,neut,neut
gak ramah pekaayanan bad service,neut,neut,neut,neut,neut,neut,neg,neut,neut,neut
"Kamar tidak sama gambar di foto,  air shower panas mati.  ",neut,neg,neut,neut,neut,neut,neut,neut,neut,neut
"Iya, handuk harum, cuma dua hari du kasih minum. 2 saja, biasanya 2 untuk 1 malam ",neut,neut,neut,neut,neut,neg,neut,neut,neut,neut
"Gaada selimut, air mineral pun gaada.  air panas gaada, breakfeast gaada (padahal di applikasi ada).  kecewa banget nya karena GAADA SELIMUT di area sedingin itu.  harga terlalu mahal untuk tempat yang bisa dibilang kumuh. ",neut,neg,neut,neut,neut,neg,neut,neg,neut,neut
"wifii kurang kenceng, g dpat snack ma toileteries, g ada water heater. lainnya oke",neut,neg,neut,pos,neut,neg,neut,neut,neut,neg
"Remote ac tidak berfungsi. Ada kecoa dan kaki seribu dimalam hari. Porsi sarapan sedikit. Ada bekas rembesan air di langit-langit kamar dan di dinding nya. Akan tetapi, dengan harga yang relatif murah untuk single room, kamar ini cocok untuk para budget traveller. ",neg,neut,neut,neut,neg,neut,neut,neg,neut,neut
"kurang bersih, toiletnya ga nyaman bau, colokannya cuma satu buat tv doang",neut,neut,neg,neut,neg,neut,neut,neut,neut,neut
"Agar lebih di perhatikan kebersihan kamar dan kamar mandi dari nyamuk dan kelabang, untuk masalah penambahan hari agar di permudah..",neut,neut,neut,neut,neg,neut,neut,neut,neut,neut
"kamarnya bagus, pelayanan ramah. cuman WiFi nya mati (rusak)",neut,neut,neut,neut,neut,neut,neg,neut,neut,neg
"kamar luas dan bersih, wifi tidak bisa terhubung,tolong disediakan keset juga ya. selebihnya oke",neut,neut,neut,pos,pos,neut,neut,neut,neut,neg
Air hotel bau Tdk bisa istirahat krn hotel pakai acara pernikahan Kamar terkesan kusam dan gelap Me,neut,neut,neg,neut,neut,neut,neut,neut,neut,neut
"pelayanan baik dan sigap .. sarapan lumayan enak untuk nasi goreng nya.. cuma ada yang perlu di perbaiki, 1. kamar mandi kurang bersih 2. air panas di shower mati idup jadi tiba2 dingin sendiri 3. aliran air pada shower kurang besar/banyak..",neut,neg,neut,neut,neg,neut,pos,pos,neut,neut
"ac nya waktu saya menginap ada yang bocor di ac,selebihnya nyaman saya disana udeh 3 kali saya disana dan yang terakhir doang ac nya bocor",neg,neut,neut,neut,neut,neut,neut,neut,neut,neut
"Overall nyamanlah. Lokasi dekat stasiun, banyak warung makan dan laundri si sekitar. AC dingin, kamar mandi lumayan tanpa pemanas, tv oke. Cuma agak sempit aja dan wifi tidak bisa diakses.",pos,neg,neut,pos,neut,neut,neut,neut,pos,neg
"Kamarnya Bersih, nyaman,, tapi AC,nya ga kerasa dingin",neg,neut,neut,neut,pos,neut,neut,neut,neut,neut
Kebersihan toilet perlu diperbaiki ,neut,neut,neut,neut,neg,neut,neut,neut,neut,neut
Bagus tetapi sowernya mati Jadi susah saat mandi. Tidak ada air panas,neut,neg,neut,neut,neut,neut,neut,neut,neut,neut
"spreyina ktr kaa bkas darh gitu. jjk bgtt,, bru ktauan mlm karna dittup sma slimut. kamar mandi kotor kaynya jarang d bersihkan. g sesuai sma foto. mengecewakan.",neut,neut,neut,neut,neg,neg,neut,neut,neut,neut
banyak kecoa dan kutu dan airnya bau,neut,neut,neut,neut,neg,neut,neut,neut,neut,neut
wifi tidak bisa akses ke internet,neut,neut,neut,neut,neut,neut,neut,neut,neut,neg
"Tidak ada handuk, air tergenang di wc pas pertama masuk. pelayanan makanan tidak sesuai menu pada saat di pesan.",neut,neut,neut,neut,neut,neg,neut,neg,neut,neut
baik fasilitas nya oke.  namun sprei nya kotor dan gatal. its  ok recomended tp sprei nya. tamu berganti sprei nya di cuci juga ,neut,neut,neut,neut,neut,neg,neut,neut,neut,neut
"pas dateng kamarnya agak bad smell , lampu nya agak remang, tapi linens bed nya clean kok Ã°ÂÂÂ , reception friendly,  pokoknya overall good lah.  recommended  Ã°ÂÂÂ",neut,neut,neg,pos,neut,pos,pos,neut,neut,neut
pelayanananya sangt kurang.. hrusnya bisa cek in jam 14.00 malah check in jam 16.30 kamarany masih blom dirapihkn.. untuk fasilitas kolam renang airnya kurang terawatt...pesen 2 kamar sampe tempat dpat 1 kamar dan yg 1 kamarnya dikasih dket pintu gerbang dan kayaknya deket sepitank.. karna bau banget.. untung cuma 1 hari..,neut,neut,neg,neut,neut,neut,neg,neut,neut,neut
semua bagus saya suka nyaman cuman kurangnya petugas kurang sigap dalam service kamar seperti pembaharuan minum dan cemilan serta peralatan mandi ,neut,neut,neut,neut,neut,neg,neg,neut,neut,neut
"pelayanannya ramah dan viewnya cantik banget. next trip mampir lg kesini. cuma ada yg kurang, wastafel di kamar agak kotor dan mampet. yg lainnya oke banget",neut,neut,neut,pos,neg,neut,pos,neut,neut,neut
"Pelayanan ramah dan cepat ,  Sarapan juga enak,  tapi masalahnya di kasur sudah gak layak. Kalau ditidurin anjok papannya... Dan kamar mandi sebaiknya selalu di beraihkan terutama kloset wc, ",neut,neut,neut,neut,neg,neg,pos,pos,neut,neut
"saya booking kamar airy room masa di kamar bukan seperti yang di extra nett ga ada snacky airy, ga ada bantal airy, ga ada bed runer airy, tidak sesuai seperti yang di foto airy room, recepsionis tidak ramah yang jaga pada shif sore nya perempuan, hexos  bunyi berisik, air hangat tidak berfungsi, hotel city icon residence berisik karena ada pesta acara ulang tahun. yang ramah cumang staf bapak security nya saja yang jaga pada saat itu.",neut,neg,neut,neut,neut,neg,neg,neut,neut,neut
tempatnya nyaman... cm customer servisnya kurang ramah... tdk ada senyum sapa salam ... flat...,neut,neut,neut,neut,neut,neut,neg,neut,neut,neut
"Air panas rusak, apes dah",neut,neg,neut,neut,neut,neut,neut,neut,neut,neut
kamar mandi tidak bersih kabel tv tidak memiliki power point electricity nya down harus menunggu lama untuk on kembali,neut,neut,neut,neut,neg,neut,neut,neut,neg,neut
Water heaternya tidak berfungsi,neut,neg,neut,neut,neut,neut,neut,neut,neut,neut
"Lokasi sebenarnya strategis, kamar kecil terus AC-nya ribut, TV masih pake antena dalam bantalnya masih bau waktu saya kesana. Kamar kecil juga sempit.",neg,neut,neut,neut,neut,neg,neut,neut,neg,neut
"Receptionis sangat cakap, kamar luas, tempat parkir besar, sayang kamar mandi bau. overall good",neut,neut,neg,neut,neut,neut,pos,neut,neut,neut
Pelayanannya sudah ok... Kurangnya air hangatnya tidak hdup...,neut,neg,neut,neut,neut,neut,pos,neut,neut,neut
"lokasi oke, pelayanan oke, parkiran agak sempit, hanya muat 2 mobil, kebersihan kamar bisa di tingkatkan lg, thanks",neut,neut,neut,neut,neg,neut,pos,neut,neut,neut
"wastafel nya mampet n kebersihan kamar dan kolam harusnya bs lebih bersih, ",neut,neut,neut,neut,neg,neut,neut,neut,neut,neut
Channel tv ny kurang jernih dn kurang banyak,neut,neut,neut,neut,neut,neut,neut,neut,neg,neut
"Satpamnya ramah, kamar enak, sayang gak ada gantungan bajunya. gak ada pewangi ruangan over all oke lahh",neut,neut,neg,pos,neut,neg,pos,neut,neut,neut
"AC di 303 gakada rasanya sama sekali. sampai ganggu tidur, tolong dicek. Overall oke.",neg,neut,neut,pos,neut,neut,neut,neut,neut,neut
"Pelayanan kamar baik, cs airy sangat membantu saya dengan pelayanannya yang 24 jam. yang perlu diperbaiki hotelnya, karna kamar mandinya kurang bersih, dan tidak ada kunci privasi didalam kamar.",neut,neut,neut,neut,neg,neut,pos,neut,neut,neut
"Airnya bau kurang sedap, dan kamar mandi kurang terawat .. perlu diperbaiki padahal sudah bagus temp",neut,neut,neut,neut,neg,neut,neut,neut,neut,neut
suka banget sama kamarnya bersih banget air Snack lengkap tapi sayang tv tidak satelit tapi gpp all goodÃ°ÂÂÂ,neut,neut,neut,neut,pos,pos,neut,neut,neg,neut
"Chanel tv di kamar tidak bisa di liat, saluran semut semua, mngkin lain kali bisa di benahi Lain2 sangat memuaskan dan sangat nyaman Recommended ",neut,neut,neut,pos,neut,neut,neut,neut,neg,neut
Shower dan pemanas kamar no 7 lantai 2 perlu diperbaiki,neut,neg,neut,neut,neut,neut,neut,neut,neut,neut
resepsionisnya tkd ramaj,neut,neut,neut,neut,neut,neut,neg,neut,neut,neut
tidak ada wifi sesuai yg di iklankan..  ,neut,neut,neut,neut,neut,neut,neut,neut,neut,neg
"kamar bersih, tapi sayang selimbut agak bau apek spt lama tidak dipakai. air panas lancar, nyaman sekali. semua staffnya ramah.",neut,pos,neut,neut,pos,neg,neut,neut,neut,neut
seprainya kotor,neut,neut,neut,neut,neut,neg,neut,neut,neut,neut
sarem ws bau,neut,neut,neg,neut,neut,neut,neut,neut,neut,neut
kamar mandi ga bersih,neut,neut,neut,neut,neg,neut,neut,neut,neut,neut
"kamar bersih, ac dingin, tv berfungsi. tapi pintu kamar mandi tidak bisa dikunci. resepsionis kurang ramah toiletries hanya diberi 1 untuk 3 hari padahal harusnya tiap hari dapat.",pos,neut,neut,neut,pos,neg,neg,neut,pos,neut
"Kamar jorok, berdebu, banyak sarang laba2 disetiap penjuru dinding. Rak kmr mandi gak pernah dibersihkan Tolong tegur bagian bersih2nya agar krja nya serius jangan asal2 an Kasur ada bercak darah, sprey ada noda2 kelihatan gak diganti bekas tamu sebelumnya 2 hari menginap perlengkapan mandi gak diisi Snack dan air minum jg tdk Resepsionis jutek",neut,neut,neut,neut,neg,neg,neg,neut,neut,neut
remot tv kurang berfungsi dengan baik,neut,neut,neut,neut,neut,neut,neut,neut,neg,neut
kamarny luas.  namun kebersihan kurang. waktu proses cek out menunggu agak lama.  selebihnya ok,neut,neut,neut,pos,neg,neut,neg,neut,neut,neut
"Lumayan untuk bacpakeran,  harganya terjangkau banget. Tempatnya bersih,  cuma spreinya agak berdebu",neut,neut,neut,neut,pos,neg,neut,neut,neut,neut
"Lumayan bagus, hanya air showernya awal panas lama2 dingin",neut,neg,neut,neut,neut,neut,neut,neut,neut,neut
"Menyenangkan, namun wifi yang bermasalah sangat disayangkan",neut,neut,neut,neut,neut,neut,neut,neut,neut,neg
ac lambat dingin,neg,neut,neut,neut,neut,neut,neut,neut,neut,neut
"ruangan kotor, tidak tersedia alat mandi, lain lain lumayan",neut,neut,neut,pos,neg,neg,neut,neut,neut,neut
"Kamar sempit, air mati terus. Ac ga dinging, remote ac tidak berfungsi",neg,neut,neut,neut,neut,neut,neut,neut,neut,neut
untuk harga 150rb cukup baik. walau AC nya ga dinginÃ°ÂÂÂÃ°ÂÂÂ tp pelayanan yg punya rumah cukup baik. ternyata dapat snack jgÃ°ÂÂÂÃ°ÂÂÂ,neg,neut,neut,neut,neut,pos,pos,neut,neut,neut
kamra kotar petugasnya ramah riuh,neut,neut,neut,neut,neg,neut,pos,neut,neut,neut
"Guest house yang tidak akan pernah saya rekomendasikan untuk menginap bersama keluarga karena tidak terawat berkesan pemilik tidak mau tahu dengan investasinya, sprei dan sarung bantal lubang-lubang terlihat lusuh pasti sudah terpakai bertahun-tahun, banyak nyamuk.. ",neut,neut,neut,neut,neut,neg,neut,neut,neut,neut
"tidak sesuai dengan difoto Kotor, sprei dan sarung bantal kuning, Dan bau apek tidak recommended sama sekali",neut,neut,neg,neut,neg,neg,neut,neut,neut,neut
"proses check-in lama, dan juga kamar yang satu wastafel nya bocor , pesan 2 kamar baru tersedia 1 harus nunggu untuk kamar yang kedua agak lama padahal check-in jam 2an harusnya sudah siap. kamar satu air panas nya ga bisa, kamar yang satu bisa tapi airnya keluar kecil, dan tidak ada tissue",neut,neg,neut,neut,neut,neg,neg,neut,neut,neut
"enak nyaman tempat nya, ramah pelayanan nya, tapi untuk seprai dan sarung2 bantal nya kurang bersih warna nya kusam gtu, itu aja deh hehe makasih",neut,neut,neut,pos,neut,neg,pos,neut,neut,neut
"sekilas terlihat mewah tapi banya yg kurang, toilet kotor, handuk sangat kecil seperti lap kamar mandi, kamar banyak nyamuk, masa kamar mewah gk dapat selimut. payah !",neut,neut,neut,neut,neg,neg,neut,neut,neut,neut
"kebersihannya perlu ditingkatkan, terutama di peralatan kamar mandi",neut,neut,neut,neut,neg,neut,neut,neut,neut,neut
Berkesan karena dekat kemana-mana tapi yang buat saya kecewa kamarnya jorok,neut,neut,neut,neut,neg,neut,neut,neut,neut,neut
"kamar dan pelayanan cukup oke, cuma didalem kamar signal hp drop, wifi pun gak sampe ke dlm kamar. cukup susah kalo harus keluar masuk kamar.",neut,neut,neut,neut,neut,neut,pos,neut,neut,neg
"kondisi kamar baik hanya saja kurang bersih, terlihat debu di lantai dan furniture terutama di kotak Snack, lalu semprotan toiletnya lepas. Kamarnya juga bau rokok, namun setelah melapor pada housekeeping langsung disemprot, sayangnya ternyata di kamar mandi bau rokoknya tetap tidak hilang. Kasurnya lumayan empuk. Menu sarapan alakadarnya.",neut,neut,neg,neut,neg,neut,neut,neg,neut,neut
kotor sekali,neut,neut,neut,neut,neg,neut,neut,neut,neut,neut
Tempatnya Ok dan unik....hanya saja air panasnya gak ada...,neut,neg,neut,neut,neut,neut,neut,neut,neut,neut
"Kamar kotor, seprai warnanya kuning-kuning, bantalnya seperti batal lama/rusak bagian dalamnya, meja kamar rusak-rusak seperti meja bekas, AC tidak berfungsi baik, kamar kotor, penjaga hotelnya jutek-jutek. Tidak recommended deh.",neg,neut,neut,neut,neg,neg,neg,neut,neut,neut
"Air panas nya gak banget panas ,sy bawa anak bayi kasian jadi mandi air dingin",neut,neg,neut,neut,neut,neut,neut,neut,neut,neut
sesuai picture .. bersih . tp klo mlm gaboleh duduk2 diloby . prioritas buat yg bulanan .,neut,neut,neut,neut,pos,neut,neut,neut,neut,neut
"pelayanan ramah, tetapi toilet pas awal masuk ada bau kurang enak. kamar kurang luas dan tidak ada hiasan dinding / motif seperti di gambar promo nya",neut,neut,neg,neut,neut,neut,pos,neut,neut,neut
"lumayan nyaman,tp kebersihan kmr mandi perlu ditingkatkan lg biar gk ada kuning2 di sudutnya lbh bgs",neut,neut,neut,neut,neg,neut,neut,neut,neut,neut
kamarnya kurang maintenance. paling baik kamar mandi dibersihkan lebih sering. kamar mandi adalah bagian yang penting untuk pelanggan. kebersihan selimut bed sheet dan handuk juga perlu diperhatikan lebih jauh lagi.,neut,neut,neut,neut,neg,neg,neut,neut,neut,neut
hargga terjagkau kamr lau ada sapo smua oke keucli kamar mandi seharaian kluar bau tak sdap entah apa masalahnya,neut,neut,neg,pos,neut,neut,neut,neut,neut,neut
Jaringan WiFi dalam kamar lelet,neut,neut,neut,neut,neut,neut,neut,neut,neut,neg
"secara umum bagus, cuma sprei, sarung bantal dan handuk tidak layak...maaf..",neut,neut,neut,pos,neut,neg,neut,neut,neut,neut
kamr bersihh dan nayman tetapi amnties dari airy tiak disediaka begitu juga dengan kompliment free snakc dari airy,neut,neut,neut,neut,pos,neg,neut,neut,neut,neut
suasana .. and view-nya..kerennnnn... pegawainya ramahh... datang langsung check in... dan diantar ke kamar... untuk fasilitas buat anak2 lumayan... ada perosotan ayunan dan mainan lainnya.. kolam renang juga.. tp kolamnya Dingin... dan kurang bersih.. mohon ditingkatkan jg utk kebersihan kamar nya. thanks airy .. thank ariandri...sukses selalu..,neut,neut,neut,neut,neg,neut,pos,neut,neut,neut
WiFi nya tolong diperkuat sinyal dan ditambah bandwithnya,neut,neut,neut,neut,neut,neut,neut,neut,neut,neg
"plus: lokasi tenang, strategis, rate ekonomis. minus: kebersihan kurang, kamar bau, kran bulukan. ",neut,neut,neg,neut,neg,neut,neut,neut,neut,neut
"kamar luas dan rapi, tapi sayang untuk tv kebetulan sedang jelek sinyalnya dan minta ganti ke kamar yg lain yg memiliki sinyal bagus tidak di perbolehkan karena pesan dari airy rooms dan tidak tersedia wifi",neut,neut,neut,neut,neut,neut,neut,neut,neg,neg
pelayanan baik. fasilitas baik. cuma ac kurang dingin.,neg,neut,neut,neut,neut,neut,pos,neut,neut,neut
"Pelayanan kurang ramah dan cuek ,swower ga berpungsih dg baik kamar mandi licin dan hampir mau jatuh trus",neut,neut,neut,neut,neg,neut,neg,neut,neut,neut
kamar mnadi pitnu rusakk hnduk gak ads klaau gak di pinta tv nya gak nyala pelayananyya kuran,neut,neut,neut,neut,neut,neg,neg,neut,neg,neut
tidak ada hotshwr tdk sesuai foto,neut,neg,neut,neut,neut,neut,neut,neut,neut,neut
"tv gk jelas gambarnya, suasana berisik di depan kamar. kamar mandi kurang bersih",neut,neut,neut,neut,neg,neut,neut,neut,neg,neut
"AC ga dingin, ga bs change kamar pula dan parkiran sempit hnya cukup 5 motor.  Cukup sekali kesini deh",neg,neut,neut,neut,neut,neut,neut,neut,neut,neut
"Baiknya cuman dekat dengan perbelanjaan cihampelas. Kamarnya lembab, cat nya udah lapuk, agak berdebu, seprainya kurang bersih dan tanpa logo airy rooms, debit air nya kecil(kurang puas mandinya), tidak ada remote AC (jd minta petugas buat atur suhu.",neg,neut,neut,neut,neg,neg,neut,neut,neut,neut
"Secara keseluruhan baik, tapi sedikit catatan untuk kamar mandinya bau, banyak semacam lalet kecil, gak ada air panas. ",neut,neg,neg,pos,neut,neut,neut,neut,neut,neut
Perlengkapan mandinya lengkap dan ac nya dingin. Hanya saja koneksi internet kurang bagus.,pos,neut,neut,neut,neut,pos,neut,neut,neut,neg
fasilitas memuaskan.. kurang bersih kamarnya koridor dan lift nya,neut,neut,neut,neut,neg,neut,neut,neut,neut,neut
"Saya sudah merasa tidak nyaman tidur di sjnj semenjak air belum nyala selama hampir dua hari. Di hari kedua, air baru menyala. Ketika kami menanyakan kondisi air, seharusnya bellboy memberikan solusi dengan ramah, bukan dengan merengut. Freon AC di kamar kami bocor sampai menumpahi lantai kamar kami. Masalah listrik, korslet bila AC & air hidup.",neg,neut,neut,neut,neut,neut,neg,neut,neut,neut
Wifinya susah,neut,neut,neut,neut,neut,neut,neut,neut,neut,neg
tidak sesuai dgn gambar..kamar Kotor Dan bau..banyak puntung bekas rokok Dan kecoa dikamar..tidak re,neut,neut,neg,neut,neg,neut,neut,neut,neut,neut
lokasi masuk gank jauh ac tidak dingin tp ada kolam renang dan dapat breakfast,neg,neut,neut,neut,neut,neut,neut,pos,neut,neut
"Kondisi kamar standar banget... Saya sering menggunakan Airy Rooms... Tapi kali ini yang paling tidak nyaman... 1. AC kurang dingin 2. Tidak ada snack 3. Heater Water tidak berfungsi 4. Kamar biasa saja Not recomended sih, kalau menurut saya...",neg,neg,neut,neut,neut,neg,neut,neut,neut,neut
"Bersih, rapi dan nyaman. Tetapi wifi ter suspended. ",neut,neut,neut,neut,pos,neut,neut,neut,neut,neg
"Seprei ada bekas noda, tv tidak berfungsi dengan baik, air shower kecil",neut,neut,neut,neut,neut,neg,neut,neut,neg,neut
wifi y palsu. air panas y rusak.,neut,neg,neut,neut,neut,neut,neut,neut,neut,neg
"Fasilitas lengkap, cuman spreynya terasa gatal dan banyak nyamuk.",neut,neut,neut,neut,neut,neg,neut,neut,neut,neut
lumayan untuk harga segitu...kabersihan tolong ditingkatkan,neut,neut,neut,neut,neg,neut,neut,neut,neut,neut
"Lokasinya sangat bagus, breakfast tidak banyak pilihan tapi rasanya masih enak. Kamarnya cukup luas, hanya saja WiFi tidak bisa dipakai di kamar, Hanya di restoran. Kolam renang kecil banget, bangunan sudah butuh renovasi tapi cukup bersih.",neut,neut,neut,neut,pos,neut,neut,pos,neut,neg
Pelayanan ramah.lokasi bagus.kamar mandi tidak ada air panas. kamar kurang bersih.makasih.,neut,neg,neut,neut,neg,neut,pos,neut,neut,neut
"kamar nya bagus, tp tdk ada room service nya.. cuma jgn khawatir karna depan hotel banyak banget yang jual makanan ",neut,neut,neut,neut,neut,neut,neg,neut,neut,neut
Kamar nyaman. AC dingin. Kamar mandi kapsul yang saya kurang nyaman. Tidak ada toiletries dan airyrooms compliment snack di room.,pos,neut,neut,neut,neut,neg,neut,neut,neut,neut
"Cukup nyaman dan bersih, hanya perlu diperhatikan kadang-kadang ada nyamuk nya",neut,neut,neut,neut,pos,neut,neut,neut,neut,neut
kamar besar.. air hangat ada fasilitasnya tapi tidak berfungsi.. sandal harus diminta.. tidak tersedia di dalam kamar .. ,neut,neg,neut,neut,neut,neg,neut,neut,neut,neut
"Lantai kamar mandi kamar saya agak licin, mohon dibersihkan dengan baik. Overall semua sangat baik. terima kasih Ã°ÂÂÂ",neut,neut,neut,pos,neg,neut,neut,neut,neut,neut
penjaga yg kurang rama,neut,neut,neut,neut,neut,neut,neg,neut,neut,neut
"ac tidak dingin, airnya kecil. seharusnya sebelum ada yang booking diperiksa dl",neg,neut,neut,neut,neut,neut,neut,neut,neut,neut
ok cuma kmr mndi agak bau dan sarapan krng sedap,neut,neut,neg,neut,neut,neut,neut,neg,neut,neut
"Cukup nyaman,  tapi di lantai tiga gak ada wifi. Wifinya tidak menjangkau kamar",neut,neut,neut,neut,neut,neut,neut,neut,neut,neg
"biasa aja, kamar kurang bersih",neut,neut,neut,neut,neg,neut,neut,neut,neut,neut
"ruangan + kamar mandi bersih, luas, nyaman, hanya saja TV sedang tidak berfungsi",neut,neut,neut,neut,pos,neut,neut,neut,neg,neut
"parah... pesan 2 kamar, 1 kamarnya tidak ada perlengkapan airy belum di siapkan, karena tidak terdetect kalau pesan 2 kamar... kamar bau apek... not recomended lah",neut,neut,neg,neut,neut,neg,neg,neut,neut,neut
Mengecewakan. Tidak sesuai dengan foto yang diposting. Kamar mandi bad smell. Air muncrat sampai keluar kamar mandi saat mandi. Receptionist tidak ada saat mau check-out sehingga harus menunggu lama. Hari berikutnya cari hotel yang lain yang lebih baik.,neut,neut,neg,neut,neut,neut,neg,neut,neut,neut
"hotelnya bagus, makanan cukup, wifi kurang merata",neut,neut,neut,neut,neut,neut,neut,pos,neut,neg
"Sangat berisik dari tamu sebelah, aku request double tp dapat twin. Tv sangat kecil dgn jarak yg jauh untuk menonton. Masih ragu apakah ini hotel atau sebuah kost kostan ya.. ",neut,neut,neut,neut,neut,neut,neut,neut,neg,neut
"sangat menyenangkan dan memuaskan... Namun saat check in jam 14.00, masih harus menunggu selama 20 menit, mohon diperbaiki..",neut,neut,neut,neut,neut,neut,neg,neut,neut,neut
Sprey kurang bersih..tolong diperhatikan lagi Sama perlengkapan mndi disiapkan sebelum cek in,neut,neut,neut,neut,neut,neg,neut,neut,neut,neut
"Bagus, cuma kalau malem pintu udah kekunci jadi harus bangunin orangnya",neut,neut,neut,neut,neut,neut,neg,neut,neut,neut
"saya menginap di kamar 117, reviewnya: 1. bantal keras 2. biasanya dikasih bantal airy, tapi ini ga ada. dikasih dua bantal tambahan sih tapi ga dikasih sarung bantalnya 3. ga ada thermos untuk bikin air panas 4. shower bocor 5. remote tv tidak berfungsi 6. kenop pintu kamar mandi macet, jd ga bisa ditutup rapat 7. kamar hanya satu kali dibersihkan",neut,neut,neut,neut,neut,neg,neg,neut,neg,neut
"Kamarnya kotor, bau, kasurnya banyak kutu.",neut,neut,neg,neut,neg,neut,neut,neut,neut,neut
"wifi kenceng, kamar luas, ac bagus, tp kamar mandi agak kotor, makanannya enak dan harga terjangkau, tempat makan juga banyak sekitar hotel ,akses kemana -mana sekitar kota dekat,thanks airyroomÃ°ÂÂÂ",pos,neut,neut,neut,neg,neut,neut,pos,neut,pos
Lokasinya Kos Kosan.... Tempat Kotor... Gak Ada Air Panas Untuk Mandi... Ruangan Kotor Dan Banyak Sampah... Not Recomended Banget... Untungnya Disana Kamar Full Karena Ada Kesalahan Sistem... Terima Kasih Buat Airy Dipindahkan Ke Airy Slipi... Walaupun Lokasi Hotel Agak Jauh Dari Urusan Bisnis Namun Hotelnya Bersih Dan Nyaman...,neut,neg,neut,neut,neg,neut,neut,neut,neut,neut
"toilet kurabg bersih,tempat sampah kotor,perlengkapan mandi tidak ada,malahan ada sabun batangan bekas",neut,neut,neut,neut,neg,neg,neut,neut,neut,neut
"tempat memang tidak strategis. bangunannya pun sudah usang dan tidak terurus karena hotelnya sangat sepi. beberapa fasilitas hotel pun ada yang rusak, contohnya ac, shower, kasur, kunci lemari. Walaupun yang menginap sedikit, tapi tetap saja di buatkan sarapan. yaa sesuai lah sama budget kita. overall hotelnya lumayan bagus kok. terima kasih~",neg,neut,neut,pos,neg,neut,neut,neg,neut,neut
nyaman sich tp toilet kurang bersih aja.... ,neut,neut,neut,neut,neg,neut,neut,neut,neut,neut
awalny sdah mrasa ga nyman karna lntei kmr agak brdebu stlah msuk cek hnduk ksset serta tempat smph tdk dsediakan smbungan colkn tv ke stop kontk jg tdk ada setelah minta pihak hotel dg cepat merespon giliran mandi pagi air di kamar mandi sama sekali gk keluar ditunggu satu jam jg tdk keluar jg kecewa skali,neut,neut,neut,neut,neg,neg,neut,neut,neut,neut
"untuk keseluruhan sudah bagus,masalahnya hanya ada pada Air panas yg tidak berfungsi dengan baik ",neut,neg,neut,pos,neut,neut,neut,neut,neut,neut
"4 hari inap tanpa snack, padahal standar nya airy selalu ada snack. handuk di hari 3 gak kebagian. kalo soal kebersihan gak ada masalah. cuma fasilitas nya aja yg kurang bisa dipenuhi.",neut,neut,neut,neut,pos,neg,neut,neut,neut,neut
semua oke... cuma tv hilang gambarnya,neut,neut,neut,pos,neut,neut,neut,neut,neg,neut
Sprei kusam kayak ga dicuci berbulan bulan.. kasur juga tdk bersih. Channel nya kurang bagus.. pelayanan lumayan baik.,neut,neut,neut,neut,neg,neg,pos,neut,neg,neut
Biasa di airy ada makanan ringan sekarang tidak ada,neut,neut,neut,neut,neut,neg,neut,neut,neut,neut
"Bantal sma tempat tidurnya basah, lantainya pun masih basah, ac nya tidak dingin ",neg,neut,neut,neut,neut,neg,neut,neut,neut,neut
"Kamar luas, bersih, dan nyaman. Ada air panas. Minus TV tidak ada siaran.",neut,pos,neut,neut,pos,neut,neut,neut,neg,neut
"mantav, ruangan bersih, ac dingin...cm kgak ada air panas..",pos,neg,neut,neut,pos,neut,neut,neut,neut,neut
"Not recommended, kamar lembab pengap, kamar mandi kotor, shower rusak, mati lampu tdk ada genset, staff kurang ramah",neut,neut,neg,neut,neg,neut,neg,neut,neut,neut
"kecewa sangat sangat kecewa.. kamarnya sangat kotor, bau kamar mandi sampai keluar, sprei bau badan, pdhl baru msuk kamar 3 jam.. sudah lapor ke service tp bilang tdk ad kamar lain dan tdk ad itikad untuk bersihkan kamar.. booking 2 hari terpaksa cek out saat itu jg dan tdk ad ganti rugi... baru kali ini dapat airy yg sangat2 mengecewakan... ",neut,neut,neut,neut,neg,neg,neg,neut,neut,neut
"wifi tidak sampai kamar, tidak tersedia heater untuk kopi/teh atau dispenser dan tidak tersedia kursi di depan kamar untuk merokok hingga harus duduk di lantai",neut,neut,neut,neut,neut,neg,neut,neut,neut,neg
"Overall nyaman, Sayangnya kurang bersih sarung bantalnya masih ada rambut-rambut rontok yang tempel dan ada Bercak kotor, tidak tahu sarung bantal diganti apa tidak ini dari bekas penghuni sebelumnya.",neut,neut,neut,pos,neg,neg,neut,neut,neut,neut
KEKURANGAN DR HTL AIRY TAMAN MULIA : KMR MANDI KOTOR N BBRP PINTU KMR-MANDI TDK BISA DIKUNCI ALIAS R,neut,neut,neut,neut,neg,neut,neut,neut,neut,neut
Ada beberapa room yang Acnya tidak dingin,neg,neut,neut,neut,neut,neut,neut,neut,neut,neut
"Kamar mandi kurang bersih, kamar tidak terlalu nyaman",neut,neut,neut,neut,neg,neut,neut,neut,neut,neut
kamar tidak sesuai yg di gambar... ternyata di ruang bawah tanah.. sinyal tidak ada.. parkir kehujan,neut,neut,neut,neut,neut,neut,neut,neut,neut,neg
"Kamar mandi kurang bersih, ac ga dingin",neg,neut,neut,neut,neg,neut,neut,neut,neut,neut
"untuk pelayanan dan kenyamanan oke, cuma lantai di kamarnya agak sedikit kotor seperti tidak di pel",neut,neut,neut,pos,neg,neut,pos,neut,neut,neut
luas bgt..tp air panesnya jengkelin,neut,neg,neut,neut,neut,neut,neut,neut,neut,neut
tidak rekomendasi servis kurang baik.. ga punya etika.. kalau saya niat ga baik pasti nyelundup ini terang2 an.. biasany kan wkt check out baru ditotal misal kena charge.. lha ini malem2 langsung minta dipintu . di kamarnya tidak ada kaca.. ,neut,neut,neut,neut,neut,neut,neg,neut,neut,neut
tempat nya nyaman bersih. cuma AC nya kurang dingin,neg,neut,neut,neut,pos,neut,neut,neut,neut,neut
"1. Dalam kamar ada bbrp nyamuk. 2. Gantungan dlm kmr ada 2 yg patah (saat masuk kmr sdh patah..namun tdk d perbaiki/diganti). 3. Air panas tdk berfungsi. 4. Stop kontak deket wastafel terlalu tinggi, utk nge charge hp sngt tdk nyaman..krn kabel gak sampai,",neut,neg,neut,neut,neut,neg,neut,neut,neut,neut
"Hotel yang bersahabat dengan NYAMUK, makanan selalu HABIS",neut,neut,neut,neut,neg,neut,neut,neg,neut,neut
"Perlu ditingkatkan kebersihan kamar dan kamar mandi,petugas ramah pelayanan memuaskan.",neut,neut,neut,neut,neg,neut,pos,neut,neut,neut
bersih dan tempatnya bagus tapi pelayanannya kurang baik,neut,neut,neut,neut,pos,neut,neg,neut,neut,neut
cuk bersi meski tanpa sarapn wif & tv perlu pembenhan krn tdk jalan,neut,neut,neut,neut,pos,neut,neut,neg,neg,neg
Pelayanan cukup baik. Tpi.  Toilet kurang di perhatikan bagian air panas. Kamar 339,neut,neg,neut,neut,neut,neut,pos,neut,neut,neut
"bersih, nyaman. cuma bantal kecil nya bau. ",neut,neut,neut,neut,pos,neg,neut,neut,neut,neut
"Staffnya ramah, tempatnya bersih cuma air hangatnya g nyala",neut,neg,neut,neut,pos,neut,pos,neut,neut,neut
Good....cuma menu sarapan kurang nyaman,neut,neut,neut,neut,neut,neut,neut,neg,neut,neut
"Wifi bermasalah & showernya ada bag. yg bocor, selebihnya bagus... Ã°ÂÂÂ",neut,neut,neut,pos,neut,neut,neut,neut,neut,neg
AC tidak dingin sama sekali sampai saya akhirnya mutusin buat check-out. kasurnya banyak sekali pasir dan ngeres buat tidur. airnya bau seperti air payau.,neg,neut,neg,neut,neg,neut,neut,neut,neut,neut
overall okew tapif hanya minus satu ac kamar 301 sama sekaleh tidak kerasa dingin mohon untuk di serfisce tks,neg,neut,neut,pos,neut,neut,neut,neut,neut,neut
1. Tempat sampah penuh sampah dan tidak dibersihkan pada saat kami nginap. 2. Banyak nyamuk sehingga tidur tidak nyenyak. 3. Tidak ada sandal untuk dipakai di kamar.,neut,neut,neut,neut,neg,neg,neut,neut,neut,neut
ok hanya ac kurang dingin,neg,neut,neut,neut,neut,neut,neut,neut,neut,neut
"Ketika pertama masuk kamar bau apek, untuk pengharum ruangannya tidak ada.",neut,neut,neg,neut,neut,neut,neut,neut,neut,neut
"Ada beberapa Receptionist dan Security yang kurang RAMAH terhadap Local Guest seperti saya dan keluarga. Membuat sangat kurang nyaman, berbeda dengan Bartender yang di Rooftop Bar sangat RAMAH dan BAIK, juga Bapak security di hari terakhir saya check out beliau membantu saya di parkiran. ",neut,neut,neut,neut,neut,neut,neg,neut,neut,neut
"mohon kebersihan di tingkatkan, masa wc nya ada KECOA...!!!",neut,neut,neut,neut,neg,neut,neut,neut,neut,neut
"sesuai budget lah. tapi nyaman kok, kamar juga bersih, WiFi nyala walau koneksi agak lelet, yg jaga ",neut,neut,neut,neut,pos,neut,neut,neut,neut,neg
"Minus air panas, ac kurang dingin, tidak ada kran buat wudhu. But afterall its ok, suasananya nyaman tanpa ada suara kendaraan, dan tidak bising.",neg,neg,neut,pos,neut,neut,neut,neut,neut,neut
"Untuk kebersihan sudah lumayan, AC lumayan dingin tidak seperti pertama kali saya book kamar disini. Sprei juga baru dan bersih, mungkin cuma selimutnya saja yg perlu diganti karna sudah agak buras. Untuk barang dikamar seperti meja atau kelengkapan lain masih agak berdebu dan nampak seperti hotel tua karna perabotnya kelihatan rapuh.",pos,neut,neut,neut,pos,neg,neut,neut,neut,neut
"kemari, pelayanannya ga ramah. Kamar Panas. AC tidak dingin, KAMAR KOTOR. gaada sarapan. ",neg,neut,neut,neut,neg,neut,neg,neg,neut,neut
"handuk kasih double, ac kurang dingin, semoga lebih baik lagi",neg,neut,neut,neut,neut,pos,neut,neut,neut,neut
kamarnya jorok ada kecoanya trus lembab. ,neut,neut,neut,neut,neg,neut,neut,neut,neut,neut
"lumayan bagus, akna tetapi gak ada snacknya..",neut,neut,neut,neut,neut,neg,neut,neut,neut,neut
"Datang jam 1 siang ga boleh check in sampe jam 2 pdhl uda capek bgt. Sprei jorok, ruangan lembab, jauh dari kota, sesuai lah harga murah. Ga rekomen lah.",neut,neut,neg,neut,neg,neg,neg,neut,neut,neut
"sdh ke 2x nya nginep dsni,dn msh sama kamarnya bersih ac dingin,cuman sayang tv nya masih bintik2 dn chanelnya cuman 2 sh hhehhee, jdingk bisa ntn tv juga, selain tu sh oke semua",pos,neut,neut,pos,pos,neut,neut,neut,neg,neut
Ac nya tidak dingin,neg,neut,neut,neut,neut,neut,neut,neut,neut,neut
"Kamarnya bersih, aminities lengkap, petugas ramah. Cm km mandi agak bau. Yg lain bagus buat harga semurah itu.",neut,neut,neg,pos,pos,pos,pos,neut,neut,neut
pagi pagi air nya tidak panas,neut,neg,neut,neut,neut,neut,neut,neut,neut,neut
"Pelayanan baik, kondisi kamar juga baik, suasana hotel baik. Hanya saja fasilitas di kamar masih kurang. Shower tidak ada kondisi panas dan dingin. Selebihnya baik. Harga juga terjangkau",neut,neg,neut,pos,neut,neut,pos,neut,neut,neut
kamarina jorok banyak debu dindungnya kusam banyak nodah kamar mandi juga kurang bersih pebarangn minim,neut,neut,neut,neut,neg,neut,neut,neut,neut,neut
"cukup baik, pelayanannya ramah, tapi sayang toiletnya kurang bersih & bau.",neut,neut,neg,neut,neg,neut,pos,neut,neut,neut
jelek ac gak dinging,neg,neut,neut,neut,neut,neut,neut,neut,neut,neut
"pelayanan sangat ramah,kamar pun rapih dah bersih tapi ada sedikit kekurangan di bagian handuk dan selimutnya sebaiknua yg sudah sobek diganti yaa.. thxÃ°ÂÂÂ",neut,neut,neut,neut,pos,neg,pos,neut,neut,neut
"Saya menginap 3 malam, tetapi snak, air minum dan perlengkapan mandi tdk di lengkapi ulang/tdk di kasih ke tamu.. mohon di tingkatkan pelayanannya.. terimakasih",neut,neut,neut,neut,neut,neg,pos,neut,neut,neut
tempatnya nyaman tapi pelayannan kurang bagus bolak balik minta perlengkapan mandi....handuk.... juga hanya dikasih minuman gelas,neut,neut,neut,neut,neut,neg,neg,neut,neut,neut
Pelayannya kurang baik dan kurang sopan,neut,neut,neut,neut,neut,neut,neg,neut,neut,neut
semuanya baik ruangan bersih. cuma hanya 1 yg kurang. wiFinya krg mengcakup ke semua kamar,neut,neut,neut,pos,pos,neut,neut,neut,neut,neg
"Lokasi d gang sempit, susah dtemui. Datang awal, tdk bisa early check in, hrs nambah fee, hrs tgu smpk jm14. Ruang tunggu pengap, bau rokok. Kamar kurang bersih, byk byk sekali kecoa, byk debu. Lgsg check out stlh liat kamar spt itu.",neut,neut,neg,neut,neg,neut,neg,neut,neut,neut
"kamar baik, kamar mandi bau agak tak sedap. sinyal wifi agak susah karna kamar di ujung.",neut,neut,neg,neut,neut,neut,neut,neut,neut,neg
g ada makann kecil y,neut,neut,neut,neut,neut,neg,neut,neut,neut,neut
tidak ada snack,neut,neut,neut,neut,neut,neg,neut,neut,neut,neut
stafnya sngat freindly tp entah knp wifinya tidka jalan,neut,neut,neut,neut,neut,neut,pos,neut,neut,neg
televisi nyaa buremmm,neut,neut,neut,neut,neut,neut,neut,neut,neg,neut
Kurang bersih aja. ,neut,neut,neut,neut,neg,neut,neut,neut,neut,neut
"Kamar 310 tvnya rusak jadi bikin tidak nyaman, tidak ada perbaikan",neut,neut,neut,neut,neut,neut,neut,neut,neg,neut
kotor n sedikit bau,neut,neut,neg,neut,neg,neut,neut,neut,neut,neut
nyaman tempatnya cuman sayang air panas nya tdk bisa. untuk keseluruhan ok lah. ,neut,neg,neut,neut,neut,neut,neut,neut,neut,neut
Sesuai antara harga dan fasilitasnya.kamar bersih. Tp sayang acara tv kurang bagus sinyalnya.,neut,neut,neut,neut,pos,neut,neut,neut,neg,neut
"wifi sulit untuk koneksi loginnya, dan kamar 221 bocor ac nya.",neg,neut,neut,neut,neut,neut,neut,neut,neut,neg
"Kebersihan teras ruangan agak kotor berdebu, lampu interior Kamar banyak yg mati",neut,neut,neut,neut,neg,neut,neut,neut,neut,neut
cukp ramah pelayanna nya baik karena menyediak pemesan makanan minuman namun perlu diperbaiki dari segi fasilitas kamar seperti stopkntaq nya di tambah air hngatny kadan tidak berfungsi maka prl di cek berkala,neut,neg,neut,neut,neut,neut,pos,neut,neut,neut
"Kurang pelayanan, tidak nyaman",neut,neut,neut,neut,neut,neut,neg,neut,neut,neut
fasilitas tv yg kurang baik ditambah receptions yg kurang baik masa saya ktdran sampai pas wkt check out nya ditelpon trs ke kamar,neut,neut,neut,neut,neut,neut,neg,neut,neg,neut
Kebersihan kamar tolong diperhatikan,neut,neut,neut,neut,neg,neut,neut,neut,neut,neut
abang abangnya judes,neut,neut,neut,neut,neut,neut,neg,neut,neut,neut
"Kamar benar2 tidak layak ditempati. Saya pesan 2 hari cuma saya tempati 1 hari karena benar2 tidak nyaman. Kasurnya berisik, lampu kamar mandi mati, ada kecoa dikamar & tempat sampah didepan kamar tidak dibersihkan. Kecewaaa....",neut,neut,neut,neut,neg,neg,neut,neut,neut,neut
4x menginap disini akhir nya air panas nya ada juga hahahahhaa,neut,pos,neut,neut,neut,neut,neut,neut,neut,neut
"Bagus, nyaman, hanya saja di wc-nya bocor",neut,neut,neut,neut,neg,neut,neut,neut,neut,neut
"Agak kotor sekarang yah, banyak yg rusak dan tidak dibetulkan.. but overall ok lah.. air panas langsung keluar, tapi pas malam airnya panasnya gak ada. ",neut,neg,neut,pos,neg,neut,neut,neut,neut,neut
"ruangan lebar. namun kekurangannya tidak ada hot shower. kamar dibersihkan tanpa diminta, tetapi hal tersebut sangat berbahaya untuk menjaga kepercayaan pelanggan. sebaiknya kamar jgn dibersihkan tanpa diminta. CSnya ramah.",neut,neg,neut,neut,neut,neut,pos,neut,neut,neut
Tv nya gak nyala Ã°ÂÂÂ,neut,neut,neut,neut,neut,neut,neut,neut,neg,neut
Fasilitas kamar mandi perlu diperbaiki. Air panas tidaj jalan. Lampu kamar kurang terang ,neut,neg,neut,neut,neut,neut,neut,neut,neut,neut
pelayanany sudah bagus tapi kebershn sprei dan slmutnya tolong ditingktkn lagi perhatikan juga tanggal kadaluarsa pada kue yang disediak di box terima kasih,neut,neut,neut,neut,neut,neg,pos,neut,neut,neut
"Parkiran tidak terlalu luas, dan tidak ada petugasnya",neut,neut,neut,neut,neut,neut,neg,neut,neut,neut
"sayangnya: 1. handuknya bau 2. odolnya bekas pas saya buka, sudah terpakai 3. wifi tidak sampai ke kamar 4. alamat sepertinya ga sesuai. harusnya dangdeur indah 1 no 20 bukan dangdeur indah no 20. tks",neut,neut,neut,neut,neut,neg,neut,neut,neut,neg
"Wc ada binatang kecilÃ¢ÂÂ, geliiii...",neut,neut,neut,neut,neg,neut,neut,neut,neut,neut
"langit di kamar masi ada sarang laba2,shower kurang bagus.",neut,neut,neut,neut,neg,neut,neut,neut,neut,neut
Kamar dan suasana nya nyaman sayangnya gak ada lap kaki di depan kamar mandi bikin banjir dan licin,neut,neut,neut,neut,neg,neut,neut,neut,neut,neut
ac agak bau. remote tv tidak berfungsi,neg,neut,neut,neut,neut,neut,neut,neut,neg,neut
tempat nya bersih wangi rapi. yang bikin kecewa AC nya bocor alias rusak jadi kurang dingin,neg,neut,pos,neut,pos,neut,neut,neut,neut,neut
ini pertma kainya saya memesn airy rooms saya pesan tngl 13april untk mnginap tngal 28april tp krtika saya smapi di hotel kamar yg saya bokng tidak ada dan pihak hotel mgembalikn uang saya alhasil saya hrus mencrai hotel lain pada hari itu mngcewakan karena tidak ada pmberitahuan dari jauh hari tidak prfesional,neut,neut,neut,neut,neut,neut,neg,neut,neut,neut
lebih membutuhkan maintenance untuk kamar mandi dan aroma Ac/kamarnya ,neut,neut,neg,neut,neut,neut,neut,neut,neut,neut
"air panasnya mati,makan paginya terlalu sedikit",neut,neg,neut,neut,neut,neut,neut,neut,neut,neut
"Kamarnya nyaman, pelayanan baik, bersih, hanya saja bantal sedikit bau",neut,neut,neut,neut,neut,neg,pos,neut,neut,neut
"secara keseluruhan baik. kurangnya di sarapan yg hanya menu sederhana, kolam renang juga agak kotor dan sinyal wifi yang tidak bisa menjangkau hingga ujung kamar. kondisi kamar sendiri cukup bagus dan bersih.",neut,neut,neut,pos,pos,neut,neut,neg,neut,neg
"sarapan lumayan, AC jadul yg kamar atas, pelayanan baik, sprei agak kotor, shower agak macet setelah di perbaiki lancar, air gak panas ",neg,neg,neut,neut,neg,neg,pos,pos,neut,neut
lantai ruangan kamar licin....dan yg  perlu di tambahkan adalah sandal di dlm kamar. utk yg lain sdh baik dan bagus,neut,neut,neut,pos,neg,neg,neut,neut,neut,neut
mayan lah deket farm house cuman kamar mandi kotor kasur kotor ,neut,neut,neut,neut,neg,neg,neut,neut,neut,neut
"Smua fasilitas berjalan baik, hanya saja tidak ada camilan seperti biasanya, yg di sediakan oleh airyroom. terimakasih airyroom, berkat airy tidur lebihnyaman dan harga terjangkau",neut,neut,neut,pos,neut,neg,neut,neut,neut,neut
"staff hotel tidak peduli kepada keluhan customer, token listrik bunyi dibiarkan dan bunyi nya sangat mengganggu, saya hrus 2 jam skali bangun buat mematikan, handle wc ga ada jebol, ga bisa d tutup, wc bau nya ke kemar, tidak ada meja , saya kira airy room lumayan ternyata lbh parah dr kost2 an yaa",neut,neut,neg,neg,neut,neut,neg,neut,neut,neut
Airnya bau seperti air selokan. jadi mau mandi atau sikat gigi malas . ruangannya sempit . ,neut,neut,neg,neut,neut,neut,neut,neut,neut,neut
dapat kamar yg AC nya tidak dingin. over all nyaman kamarnya dan lokasi strategis dgn kantor,neg,neut,neut,pos,neut,neut,neut,neut,neut,neut
"kamar pengap, properti seperti meja terasa kurang bersih. sisanya okay",neut,neut,neut,neut,neg,neut,neut,neut,neut,neut
1. Air keran kamar mandi MATI. 2. Parkiran motor SEMRAWUT 3. Kebersihan luar dan dalam gedung sangat KOTOR. 4. AC kamar lama sekali dinginnya. 5. Pelayanan resepsionis KURANG peduli. 6. Foto di iklan tidak sesuai dengan kenyataan (Dari semua aspek).,neg,neut,neut,neut,neg,neut,neg,neut,neut,neut
"kebersihan selimut, sarung bantal, handuk kurang kamar kurang wangi wifi tidak bisa",neut,neut,neg,neut,neut,neg,neut,neut,neut,neg
"Receptionist hotel sangat ramah, kamar juga bersih luas dan dikasih snack ringan tiap hari. Cuma kemarin air panas di kamar mandi kurang berfungsi ",neut,neg,neut,neut,neut,pos,pos,neut,neut,neut
"kamarnya nyaman tp di lantai2 ga kena wifi, dan sedikit kurang friendly. breakfastnya enak. yang double recommeded kalo ada wifinya",neut,neut,neut,neut,neut,neut,neg,pos,neut,neg
Kamarnya jorok :( apalagi kamar mandinya :(,neut,neut,neut,neut,neg,neut,neut,neut,neut,neut
Sprayx kasar dan berbulu.ac nya ribut,neg,neut,neut,neut,neut,neg,neut,neut,neut,neut
Secara keseluruhan pelayanan dan kondisi kamar baik hanya di kamar mandi bau dari tempat pembuangan masuk ke kamar mandi. Terima kasih.,neut,neut,neg,neut,neut,neut,pos,neut,neut,neut
AC tidak dingin dan tidak ada lift kekamar atas!,neg,neut,neut,neut,neut,neut,neut,neut,neut,neut
"spooky anak saya 1 tahun nangis histeris,kotor, shower air panas mati walau akhirnya dimasakin air panas.. ",neut,neg,neut,neut,neg,neut,neut,neut,neut,neut
Sayangnya hot waternya mati. Ã°ÂÂÂ,neut,neg,neut,neut,neut,neut,neut,neut,neut,neut
Kecewa dengan pelayanannya yang kurang ramah,neut,neut,neut,neut,neut,neut,neg,neut,neut,neut
hotelnya bagus pelayanannya baek tapi kurangnya cuma satu adalah tdk ada WIFI di hotel dan di kamar hotel,neut,neut,neut,neut,neut,neut,pos,neut,neut,neg
pelayanananyya kurangg baik bad kasurr kurang enpuk selimut tipis hanuk tipis snakc gak ada bad,neut,neut,neut,neut,neut,neg,neg,neut,neut,neut
"tidak ada yg berkesan. siaran TVnya tidak bagus, wifi mengalami ganguan, ",neut,neut,neut,neut,neut,neut,neut,neut,neg,neg
"Secara keseluruhan bagus dan nyaman, hanya saja ac kamar yg saya tempati mengeluarkan air",neg,neut,neut,pos,neut,neut,neut,neut,neut,neut
"Pelayanan Baik... harga terjangkau.... sayangnya tuas shower patah, jd GDA air hangatnya. tp Secara keseluruhan ok",neut,neg,neut,pos,neut,neut,pos,neut,neut,neut
Tempat nyaman tetapi kamar mandi agak bau.,neut,neut,neg,neut,neut,neut,neut,neut,neut,neut
"tempat bersih, rapi, nyaman, sesuai harga lah pokoknya, cuman WiFi di atas gak ada jd mau WiFian harus ke bawah, overall goodÃ°ÂÂÂ",neut,neg,neut,pos,pos,neut,neut,neut,neut,neut
"gak berfungsi keran air panasnya, staff kurang ramah, yg lainnya memuaskan.",neut,neg,neut,pos,neut,neut,neg,neut,neut,neut
"salah satu kamarnya bau toilet, saya jd pindah kamar, kamarnya jg sempit bgt gak cocok bw keluarga",neut,neut,neg,neut,neut,neut,neut,neut,neut,neut
"Terlepas dari kulkas yang tidak dingin dan remote ac rusak, hotel ini cukup baik dan memuaskan.",neg,neut,neut,pos,neut,neut,neut,neut,neut,neut
tv ruskk wc ktoro gda snak kcewa sih utk x ini nginep di airyroom,neut,neut,neut,neut,neg,neg,neut,neut,neg,neut
kamar nggak wangi.  Kotor,neut,neut,neg,neut,neg,neut,neut,neut,neut,neut
"Kamar mandi kotor sperti tidak perna dibersihkan, agak apek dan bau",neut,neut,neg,neut,neg,neut,neut,neut,neut,neut
Biasanya aku dpt snack d room ini gada sama sekali Ac nya bau cuka (gatau kaya cuka tapi aneh banget,neg,neut,neut,neut,neut,neg,neut,neut,neut,neut
tenang cumah agak kpanasan dikit AC kurang stabil,neg,neut,neut,neut,neut,neut,neut,neut,neut,neut
"Fasilitasnya lumayan lengkap ada air panas, tv, snack, AC, dan peralatan mandi, kasur empuk, parkiran tapi yg kurang itu sarung bantal yg warnanya kusam jadi terkesan usang dan kotor, cat tembok yg mulai mengelupas dan selimut yang tipis....overall lumayan bagus untuk harga segitu kedepannya mungkin lebih ditingkatkan lagi untuk fasilitas kamarnya",pos,neg,neut,pos,neg,pos,neut,neut,pos,neut
"sangat menyenangkan sekali.... kamarnya nyaman, rapih, bersih dan over all sangat bagus. cocok buat refresh pikiran saat liburan meninggalkan beban kerjaan yg berat... layanan trhadap plangganpun sangat baik. hanya 1 aja usulan dari saya klo bisa di dlm ruangan ada pngharum ruangan biar lebih berasa sempurna :) over all very2 good",neut,neut,neg,neut,pos,neut,pos,neut,neut,neut
"Suasana hotal asri dan enak, cuman perlengkapan kamar mandi dan snack belum tersedia saat check in",neut,neut,neut,neut,neut,neg,neut,neut,neut,neut
Kamar nya kereeenn..nyaman..tp kurangnya air panas nya ngk panas..tp semuanya okelah..,neut,neg,neut,pos,neut,neut,neut,neut,neut,neut
"kamar pengap, kamar mandi kotor!!!",neut,neut,neg,neut,neg,neut,neut,neut,neut,neut
"Selimutnya kurang tebel, wifi nya lelet. Selebihnya sudah memuaskan. ",neut,neut,neut,pos,neut,neg,neut,neut,neut,neg
"Bantalnya bau iler, kamarnya beda dengan yang di foto, jarak dengan bandara memang dekat, tapi akses",neut,neut,neut,neut,neut,neg,neut,neut,neut,neut
gak nyaman bangt krena ac nya rusaj gak dingin tera suka mati sdrj dlm beberap waku trsa airnya gak mengalir dg lancar suka ngadat kebersiihan msih oke cuman sayang gada tempat penampung sampah,neg,neut,neut,neut,pos,neg,neut,neut,neut,neut
Sprei tidak diganti... banyak pasir. ,neut,neut,neut,neut,neg,neg,neut,neut,neut,neut
"Kamar kurang bagus mungkin karena bangunan lama,toilet tidak bersih pintu toilet jasul banget,air kran netes terus,kurang bersih ya..",neut,neut,neut,neut,neg,neut,neut,neut,neut,neut
wifi kurang baik,neut,neut,neut,neut,neut,neut,neut,neut,neut,neg
"Kasur ada kutu nya, dan badan saya jadi gatal gatal.. Dan ac sama sekali tdk dingin",neg,neut,neut,neut,neg,neg,neut,neut,neut,neut
air panasnya kurang panas ah,neut,neg,neut,neut,neut,neut,neut,neut,neut,neut
"Pintu Kamar mandi tidak bisa ditutup, Kamar mandi berbau selokan mohon diberi Kapur Barus, Peneranga",neut,neut,neg,neut,neut,neut,neut,neut,neut,neut
"kamar ga sesuai sama yang di foto beda jauhh bangeet, tempatnya kurang bersih",neut,neut,neut,neut,neg,neut,neut,neut,neut,neut
"Suasananya nyaman. Tapi perlu di perbaiki kamar mandinya, kebersihannya kurang",neut,neut,neut,neut,neg,neut,neut,neut,neut,neut
"pelayanan baik banget dan ramah, makanan seadanya, cukuplah buat sarapan, sprei kurang bersih, pintu kamar mandi ga bisa ditutup. sebrangnya ada kupat tahu, enak.. tingkatkan lagi di kebersihan..",neut,neut,neut,neut,neg,neg,pos,neg,neut,neut
"so so, service nya jg kurang ramah, ya lumayan sih untuk segi harga",neut,neut,neut,neut,neut,neut,neg,neut,neut,neut
"selalu menyenangkan menginap disini, namun terakhir saya dapat kamar yg jauh dari akses point wifi, juga ada nyamuk. tapi overall its good.",neut,neut,neut,pos,neut,neut,neut,neut,neut,neg
wif gk bsaa dipake di dlamm kmar & ac dlam kamar kurang dngn thx,neg,neut,neut,neut,neut,neut,neut,neut,neut,neg
"utk kamar disini nggak recommended, mending cari yg lain...nginep 2 malam dpt kamar L lantai 3 kamarnya jelek...pintu kamar mandi engsel atas lepas, jd pintu ngegantung2 dan tidak dpt ditutup sempurna...trus kamar mandi jg bau...gak ada air panas...",neut,neg,neg,neg,neut,neut,neut,neut,neut,neut
Ac kamar kurang dingin.. selebih ny okk,neg,neut,neut,pos,neut,neut,neut,neut,neut,neut
Nyaman menginap disana pelayanan hotel juga memuaskan hanya kamar mandinya sedikit bau jika pintu tidak dibuka sebelum dipakai. Dan pak satpamnya ramah-ramah semua,neut,neut,neg,neut,neut,neut,pos,neut,neut,neut
tidak ada cemilan selama 4 hari menginap,neut,neut,neut,neut,neut,neg,neut,neut,neut,neut
"Parah. Closet rusak, air panas tidak ada, shower cebok rusak dan tidak bisa digunakan. Selimut tidak diberi bila tak diminta. Pintu kunci rusak. terkunci dari luar dan tidak bisa dibuka. Terpaksa panggil tukang dari luar dan jam 00.00 baru bisa masuk kamar. Menyedihkan",neut,neg,neut,neut,neut,neg,neut,neut,neut,neut
"Kamar mandinya agak kotor, makanannya jg agak mengecewakan. Sarapan pagi br jam 8 tp semua sdh habis",neut,neut,neut,neut,neg,neut,neut,neg,neut,neut
"Fasilitas dan kenyamanan TOP banget. Tapi reception pelayanan ny kurang. Sama jauh kmn2, tp msh bs taxol kok :)",neut,neut,neut,neut,neut,neut,neg,neut,neut,neut
kamar tidaj susuai dengn yng dicantumkn tidak ada handok tidak ada minm dan kamar tidak bsa diknci kamar mndi kotor,neut,neut,neut,neut,neg,neg,neut,neut,neut,neut
"banyak nyamuk, selebihnya oke2 aja",neut,neut,neut,pos,neg,neut,neut,neut,neut,neut
"Fasilitas oke, namun kebersihan kurang, kamar verpasir",neut,neut,neut,neut,neg,neut,neut,neut,neut,neut
air panasnyaa ga berfunsi,neut,neg,neut,neut,neut,neut,neut,neut,neut,neut
"kecewa banget sihh, kenapa ngasih penawaran harga termurah tapi untuk fasilitas hotel ga dikasih. hanya sekedar coffee maker aja ga dapet dengan alasan pihak hotel nya ohh ga semua airy dapet coffee maker bu oohh oke.. trs hot water di kamar mandi ga berfungsi, kolam renang airnya hijau.  1-10 utk pake aplikasi airy saya kasih nilai 4..",neut,neg,neut,neut,neut,neg,neut,neut,neut,neut
Sprei kamar kotor seperti baru dipakai dan ga diganti. Wifi juga ga dapet ke ruangan yg saya tempati Ã°ÂÂÂ,neut,neut,neut,neut,neg,neg,neut,neut,neut,neg
"ada kolam renang meskipun hanya utk dewasa saja, ac dingin, tv kabel oke, dapat minum dan snack, dan alat mandi plus sisir, sayang kamar mandi agak bau, dan kamar tidak kedap suara, fasilitas ada musola, lift dan kolam renang nilai plusnya, overall oke sih, terimakasih airy",neg,neut,neg,pos,neut,pos,neut,neut,pos,neut
kmar mandi krg brsih lemari pakaian tdk layakk selebihnya masih ok,neut,neut,neut,pos,neg,neut,neut,neut,neut,neut
Untuk menginap semalam cukup nyaman. Tapi untuk pelayanannya harus ditingkatkan lagi.,neut,neut,neut,neut,neut,neut,neg,neut,neut,neut
"Nyaman dan bersih, pelayanan baik, tp channel TV cuman ada 8 dan exhaust fan kamar mandi ga nyala, mohon ditingkatkan",neut,neut,neut,neut,pos,neut,pos,neut,neg,neut
"pelayanan sangat baik, semua petugas sangat ramah, pemandangan bagus, kamar nyaman, ada cemilan dan air minum dalam kamar, jika butuh air panas di teko bs minta petugas saja. harga murah. menu sarapan lumayan banyak. saat cek in telat 15 menit,  dan saat masuk kamar,  lantai masih basah karena habis di pel dan masih sangat bau pengharum menyengat. ",neut,neut,neg,neut,neut,pos,pos,pos,neut,neut
"Makanan tidak enak, kamar mandi kotor, tidak ada lift naik tangga sampai lt 3, banyak asap rokok dan puntung rokok",neut,neut,neut,neut,neg,neut,neut,neg,neut,neut
"kamar bau, bantal bau apek, ac ga dingin,,, ",neg,neut,neg,neut,neut,neg,neut,neut,neut,neut
"Kamarnya nyaman.. Ac dingin kamar mandi shower ada air panasnya, bersih, tv lcd, ada snack box nya juga.. hanya saja bawah tmpat tdur tdk ikut di sapu jdi ada debu nya.. tpi overall puas dan nyaman, staff ramah bgt.. ",pos,pos,neut,pos,neg,pos,pos,neut,pos,neut
"Selimut dan bantal bau seperti belum dicuci, masih ada rambut bertebaran di bantal",neut,neut,neg,neut,neg,neut,neut,neut,neut,neut
suasana nyaman..hotel sesuai budget.lokasi sangat stategis di pusat legian..kamar mandi ok.kebersihan kamar dan sprei kurang banget..perlengkapan mandi dari airy sepertinya bekas..terutama sikat gigi nya,neut,neut,neut,neut,neg,neg,neut,neut,neut,neut
lntai kamr kaya ada lengket2nya mungkin karena blum dipel,neut,neut,neut,neut,neg,neut,neut,neut,neut,neut
"cuma mengginaf 1 (satu) malam saja, pelru didouble check kebershin kamar mandi dan toilet, tiba-tiba",neut,neut,neut,neut,neg,neut,neut,neut,neut,neut
"hotelnya nyaman bersih, tapi ruangannya agak sedikit bau dan pengap karena tidak ada jendela",neut,neut,neg,neut,pos,neut,neut,neut,neut,neut
pelyanan sangat buruk terutama resepsionis yang cewek bikin naik darah . padahal kita bayar gk gratis . tv ada tapi tidak ada siaran . sangat kecewa. tolong buat onwer perlu di kasih teguran buat resepsionis yang seperti itu termkasih . dan gk recomed banget,neut,neut,neut,neut,neut,neut,neg,neut,neg,neut
tempat ok..kebeersihan kurang dan perlengakap mandinya krng. untuk pelayanan ramah,neut,neut,neut,neut,neg,neg,pos,neut,neut,neut
sarung bantal bau lembab warna coklat badcover juga... saya sering nginep di airyrooms biasanya putih bersih wangi ..mungkin karna discount 50% jadi dapet kamar begitu..,neut,neut,neut,neut,neut,neg,neut,neut,neut,neut
Air panasnya agak kurang panas...,neut,neg,neut,neut,neut,neut,neut,neut,neut,neut
"hotel tua, cukup bersih, cukup nyaman. airy tidak diberikan snack?, harga bagus, remot ac tidak ada,",neg,neut,neut,neut,pos,neg,neut,neut,neut,neut
"kamar kurang rapi, kamar mandi kotor",neut,neut,neut,neut,neg,neut,neut,neut,neut,neut
tdk ada selimut. mungkin lbh baik kl di sediakan selimut,neut,neut,neut,neut,neut,neg,neut,neut,neut,neut
"kamar kurang bersih, handuk nya kotor dan kamar mandi juga kotor tdk disikat",neut,neut,neut,neut,neg,neg,neut,neut,neut,neut
beberapa fasiltas kamar mulai rsak karena usia cat kusam mebuat kesan kotor lingkungan hotel lorong lobi lift juga kurng bersih lokasi strategies mudah dakses dekat tempat makan,neut,neut,neut,neut,neg,neut,neut,neut,neut,neut
"tidak ada fasilitas dari airy, tolong dicroscek lagi. kamar tidak sesuai pesanan. saat datang disuru",neut,neut,neut,neut,neut,neg,neut,neut,neut,neut
"Kamar kotor, saat datang di kamarnya ada noda berwarna cokelat terus di bantalnya ada noda bercak hitam, Kotor sangat seperti tidak di cuci cuma di balik, sewaktu mau check-out dituduh mengotori selimutnya yang padahal dari waktu datang sudah ada, dan deposit mau diambil, jadi kalau kalian datang ada noda ataupun kotoran dikamar langsung komplain saja, Karena nanti kalian dituduh yang mengotori kamar itu dan deposit akan diambil, check-in baru bisa jam 2, sarapan cuma nasi goreng pake telur, Kamar mandi bau dan saluran air di bawahnya kotor sangat seperti ada rambut rambutnya, tidak akan lagi menginap di hotel itu.",neut,neut,neg,neut,neg,neg,neut,neg,neut,neut
"lumayan, yg kurang cuma chanel tv, snack, sama alat mandi nya aja. selebihnya bagus",neut,neut,neut,pos,neut,neg,neut,neg,neut,neut
bed cover dan sprei sepertinya jarang diganti. masi ad terlihat sisa rambut org sebelumnya.,neut,neut,neut,neut,neg,neg,neut,neut,neut,neut
"Pelayanan sangat memuaskan, perbaiki AC karena tidak bisa diatur suhunya",neg,neut,neut,neut,neut,neut,pos,neut,neut,neut
Salah satu dari staf hotel ada yang kurang ramah,neut,neut,neut,neut,neut,neut,neg,neut,neut,neut
"Positif: dekat daerah perdagangan, ruangan cukup bersih, Pelayanan ramah dan sigap. Sirkulasi udara baik, sehingga kamar mandi tidak becek. Suasana cukup tenang untuk istirahat. Fasilitas tersedia sesuai tawaran. Negatif: handuk, sprei, sarung bantal dan selimut pencuciannya tidak bersih. Bantal bau.",neut,neut,neut,neut,pos,neg,pos,neut,neut,neut
Cukup baik tp wc nya kurang nyaman,neut,neut,neut,neut,neg,neut,neut,neut,neut,neut
"Kebersihan kurang, pelayanan kurang, .....over all kapok aj",neut,neut,neut,neg,neg,neut,neg,neut,neut,neut
kamar bau dan kondisi tidak layak n saya yg pesannya 2 malam akhirnya cuma saya pakai 1 malam dan ngga bisa tidur n besok nya saya pindah ke airy room Al Barkah 33 dan saya kapok ke Kwitang kecil dan not recommended utk traveler lain nya n saran utk airy utk membuat assesment mitra dgn lebih baik dan terukur utk kenyamanan konsumen.,neut,neut,neg,neut,neut,neut,neut,neut,neut,neut
agak kotor,neut,neut,neut,neut,neg,neut,neut,neut,neut,neut
"Kamar mandi lembab,  exhaust/vacuum di kamar mandi tidak berfungsi sehingga handuk dan kain lainnya berbau apek. Pelayanan ramah Sarapannya tidak enak Kebersihan kamar kurang baik Dengan reputasi dan room rate sekian, menurut saya mengecewakan",neut,neut,neg,neg,neg,neut,pos,neg,neut,neut
"Pintu kamar mandi ngga bisa ditutup karena rusak, kamar keadaan kotor kaya belom disapu, sprei juga ga bersih. AC juga ga dingin. Resepsionis yang cewe kurang ramah.",neg,neut,neut,neut,neg,neg,neg,neut,neut,neut
perlu selimut dan tambahan papan nama di pinggir jalan supaya tidak bingung cari tempat ini,neut,neut,neut,neut,neut,neg,neut,neut,neut,neut
kamar brsih hanya saja heksofna kamar mandi mati jadi agak bau dan lembba,neut,neut,neg,neut,pos,neut,neut,neut,neut,neut
"Masih kurang Resepsionis aja yg agak lama harus menunggu lama baru datang tidak stanby dibtempat , all best lah harga murah pasilitas oke ",neut,neut,neut,neut,neut,neut,neg,neut,neut,neut
"wifi kadang mati hidup, tapi kamar & fasilitas sangat baik",neut,neut,neut,neut,neut,neut,neut,neut,neut,neg
"baik,cuma chanel tv nya gak ada jadi gak bisa nonton di kamar secara keselurahan ok kamar rapi bersih dan suasana tenang..",neut,neut,neut,pos,pos,neut,neut,neut,neg,neut
"servis bagus, ownernya ramah dan baik sekali, tapi untuk kebersihan kamar kurang baik. sprei dan sarung bantal tampak kurang bersih jadi tidur kurang nyaman.",neut,neut,neut,neut,neg,neg,pos,neut,neut,neut
"tidak ada fasilitas airy ,",neut,neut,neut,neut,neut,neg,neut,neut,neut,neut
ac nya kurang dingn,neg,neut,neut,neut,neut,neut,neut,neut,neut,neut
wifi nya agak lemot tp kamar dan fasilitas keren koq.. ,neut,neut,neut,neut,neut,pos,neut,neut,neut,neg
"Tidak seperti yg diharapkan. Kamar jorok, seprei kotor dan bau, toilet rusak, gak ada air panas dan remote TV gak ada. Pokoknya kecewa berat..",neut,neg,neut,neg,neg,neg,neut,neut,neg,neut
"lumayanlah,tapi kamar mandi kurang bersih ",neut,neut,neut,neut,neg,neut,neut,neut,neut,neut
Tempatnya kotor dan gelap remang remang,neut,neut,neut,neut,neg,neut,neut,neut,neut,neut
"So far lumayan sih buat budget hotel. Tapi pelayanannya agak kurang nih, Ã°ÂÂÂ wifi nggak konek, terus mau clean up room, kunci digantungin gitu aja di pintu kamar, nggak disimpen lagi di resepsionis Ã°ÂÂÂ ",neut,neut,neut,neut,neut,neut,neg,neut,neut,neg
"pintu gerbang selalu dikunci sehingga kalau mau keluar atau masuk sedikit susah sedangkan itu kan bukan kos2an yg mesti ditungguin 24jam dan petugas yg menjaga rumahnya tidak ramah, dan pelayanannya tidak bagus",neut,neut,neut,neut,neut,neut,neg,neut,neut,neut
"Oke banget, tapi ac nya gak bisa diatur suhu nya",neg,neut,neut,neut,neut,neut,neut,neut,neut,neut
"Overall semuanya baik, kecuali kebersihan kasurnya aja sih",neut,neut,neut,pos,neut,neg,neut,neut,neut,neut
"Kamar mandi kotor, jaringan TV kurang bagus.",neut,neut,neut,neut,neg,neut,neut,neut,neg,neut
"paling gak suka dgn pelayanan kepala service, terlalu bossy, walau jabatan bapak diatas karyawan yg lain bapak itu bukan pemilik, harusnya bapak bilang rekan kerjanya bukan anak buah, kan sama2 di gajiÃ°ÂÂÂ,, dibenahi lagi lah aturannya jgn beda2 kalau ditanya,, biar tamu gak bingung,, breakfast gak enak sama sekali,, kalau anda ramah kami akan senang",neut,neut,neut,neut,neut,neut,neg,neg,neut,neut
"Kamarnya bagus, tapi servicenya jelek banget, tidak dapat handuk, sabun tidak ada, tidak ada kotak sampahnya juga, air minum juga tidak dapat.",neut,neut,neut,neut,neut,neg,neut,neut,neut,neut
"tamu sy mngatakan tidak memuaskan akan pelayanan kamarnya, diberikan kamar yg tdk bisa terkunci dari luar sehingga jika keluar mencari makan harus membawa bawa ranselx naik turun kelantai 3. ketika komplen minta pindah kamar tdk diladeni alias DICUEKI padahal sdh 3x tamu saya menginap disini.....",neut,neut,neut,neut,neut,neut,neg,neut,neut,neut
"Lokasi tengah kota, mau kemana-mana dekat. Sarapan enak, hanya sayang wi-fi tidak sampai kamar. Terima kasih Airy.",neut,neut,neut,neut,neut,neut,neut,pos,neut,neg
Ga bisa tidur.. Kasur dan selimut bau..,neut,neut,neut,neut,neut,neg,neut,neut,neut,neut
tidak disediakan snack airy dan perlengkapan mandi..,neut,neut,neut,neut,neut,neg,neut,neut,neut,neut
Tempatnya bersih dan nyaman.Cuma wifinya aja yg lemod....,neut,neut,neut,neut,pos,neut,neut,neut,neut,neg
Ac nya gk dingin,neg,neut,neut,neut,neut,neut,neut,neut,neut,neut
Kamarnya enak luas tapi dapet sprei yg masih lembab gt jd bau,neut,neut,neut,neut,neut,neg,neut,neut,neut,neut
"Kebersihan sangat tidak baik, kamar bau. ",neut,neut,neg,neut,neg,neut,neut,neut,neut,neut
"Pelayanan staf hotel baik, layanan Hotel sangat baik, lebih ditingkatkan lg utk saluran tv dan air kmr mandinya, so far puas.",neut,neut,neut,neut,neut,neut,pos,neut,neg,neut
"Harga cukup murah, pelayanan baik. hanya 1 yg bermasalah...AC tidak bisa dingin meski sdh dibersihkan.",neg,neut,neut,neut,neut,neut,pos,neut,neut,neut
