processed_text,fuel,machine,others,part,price,service
"Dari semua merek mobil yang pernah saya pakai , terios baru ini lumayan boros .",negative,neutral,neutral,neutral,neutral,neutral
"setelah membeli toyota calya , saya merasakan banyak lagi kelebihan nya .",neutral,neutral,positive,neutral,neutral,neutral
"4 tahun pakai Altis , irit bbm banget apalagi buat luar kota",positive,neutral,neutral,neutral,neutral,neutral
Desain velg alloy veloz juga diubah juragan bagi saya desain nya sangat bagus dan terkesan sporty juragan,neutral,neutral,neutral,positive,neutral,neutral
sebagai jiwa petualang saya yakin beli brio karena lincah kalau untuk lari,neutral,positive,neutral,neutral,neutral,neutral
Puas ketika pertama kali membeli dan memakai Toyota Calya ini sampai sekarang,neutral,neutral,positive,neutral,neutral,neutral
"Sudah lama pakai Xenia , baru kali dapet yang AC - nya enggak enak dan jok nya kaku .",neutral,neutral,neutral,negative,neutral,neutral
brio punya fitur keamanan tingkat tinggi yang enggak dimiliki 86 yaitu speed limiter di 145 km / h,neutral,neutral,neutral,positive,neutral,neutral
Saya sangat puas dengan mobil saya selain berbadan besar terlihat mewah dan sangat irit bahan bakar karena minum nya solar jadi mantap kijang innova,positive,neutral,positive,positive,neutral,neutral
"Kenapa saya suka dengan mobil Avanza , karena selain nyaman mobil ini mesin nya juga terpelihara dan terjaga . Jadi apabila kita hendak pergi ke luar kota atau pergi jauh mesin nya tetap awet .",neutral,positive,positive,neutral,neutral,neutral
"masa harus sampe setahun cuma buat inden xpander, kecewa !",neutral,neutral,neutral,neutral,neutral,negative
brio bagus banget gak kaya mobil lama saya si calya jelek,neutral,neutral,negative,neutral,neutral,neutral
"Pas lihat tadi Suzuki Baleno 2017 ini di GIIAS lumayan banget buat harga segitu , murah .",neutral,neutral,neutral,neutral,positive,neutral
"Honda cuman menang di mesin , kalo fitur dan interior mah parah ... dan mahal , jok nya tipissss bikin tepos kalo jalan lama",neutral,positive,neutral,negative,negative,neutral
"Saya pakai motor vario sangat nyaman , rem sangat pakem , Suara mesin montor masih halus , padahal setiap bulan dibuat jalan luar provinsi tetapi masih tetap nyaman .",neutral,positive,positive,positive,neutral,neutral
honda brio lebih worth it kalo pengen mobil yang fun to drive,neutral,neutral,positive,neutral,neutral,neutral
"Tetapi menurut saya honda masih terlalu pelit untuk ac - nya ,",neutral,neutral,neutral,negative,neutral,neutral
Jelas design Mazda cx - 3 lebih cakep diliat dari depan samping dan belakang,neutral,neutral,neutral,positive,neutral,neutral
"Perubahan minor ya wajar gak naik harga , gak naik harga aja penjualan minim apa lagi naik harga . Pabrikan jepang sama2 aja pelit nya ....",neutral,neutral,neutral,neutral,negative,neutral
Toyota Avanza versi terbaru pun menghadirkan pedal gas yang lebih ringan untuk diinjak sehingga anda bisa memperoleh tingkat kenyamanan lebih mudah .,neutral,neutral,neutral,positive,neutral,neutral
Pajero sport Dakar memang di atas Fortuner,neutral,neutral,negative,neutral,neutral,neutral
"Yang saya enggak suka , kalau saya duduk di belakang , kepala mentok dengan atap dengan tinggi 183 cm . Duduk di posisi mengemudi , rambut saya kena plafon mobil jadi kurang nyaman .",neutral,neutral,neutral,negative,neutral,neutral
mobilio bagus purnajual juga oke,neutral,neutral,positive,neutral,positive,neutral
"Tolong dong dibenahi AHAS nya , masa saya mau servis motor dan ganti oli mekanik nya gak ada .",neutral,neutral,neutral,neutral,neutral,negative
"desain interior jauh lbh simpel , elegan dan berkelas CX3 dari CHR yg terkesan ribet",neutral,neutral,neutral,negative,neutral,neutral
semua Xe itu kopling nya keras,neutral,neutral,neutral,negative,neutral,neutral
Tidak ada yang bisa mengalahkan ketangguhan mesin Avanza .,neutral,positive,neutral,neutral,neutral,neutral
"enggak menyangka sekelas SUV 1800 cc bahan bakar 1 banding 12 dalam kota , irit banget .",positive,neutral,neutral,neutral,neutral,neutral
Head Lamp Avanza juga menggunakan model terbaru . Dengan perubahan tersebut mobil ini memiliki desain yang lebih elegan juragan .,neutral,neutral,neutral,positive,neutral,neutral
saya saranin beli vario aja suku cadang meadai purnajual juga oke,neutral,neutral,neutral,positive,positive,neutral
Interior Mobil Avanza Veloz juga telah dibuatkan Kabin Avanza Veloz dengan tampilan yang lebih Modern dan Elegan,neutral,neutral,neutral,positive,neutral,neutral
"Nih harga Suzuki New Ertiga , lebih mahal 2 - 5 juta dari yang sebelumnya",neutral,neutral,neutral,neutral,negative,neutral
"spin 125 ya , mantap , spin murah meriah",neutral,neutral,neutral,neutral,positive,neutral
Kalo dari fitur sih menang sirion . Tapi kalo desain menurut saya brio lebih seksi dan nggak bosenin,neutral,neutral,neutral,positive,neutral,neutral
mesin nya Avanza bandel dan nyaman dipakai .,neutral,positive,positive,neutral,neutral,neutral
"Harga yang mudah terjangkau oleh siapa pun , model Dan teknologi kekinian , perawatan mudah Dan tentunya irit bahan bakar serta purnajual yang bagus , semuanya berkualifikasi bagus . Mantap memang Honda Beat .",positive,neutral,positive,positive,positive,positive
"Isuzu Panther Grand Touring Tahun 2009 . Mobil tangguh dengan mesin diesel yang irit dan bandel , harga nya cuma 167 Jutaan juragan .",positive,positive,neutral,neutral,positive,neutral
All New Toyota Kijang Innova G Diesel 2017 . Mesin bandel nan irit Otolovers .,positive,positive,neutral,neutral,neutral,neutral
Fortuner tampang sih keren tp power nya letoy bos,neutral,negative,neutral,positive,neutral,neutral
"Enak juga bengkel Toyota di margonda ini . Semua petugas ramah dan helpful , layanan cepat , dan dapat kopi gratis .",neutral,neutral,neutral,neutral,neutral,positive
"konsumsi bahan bakar Honda mobilio tipe e cvt prestige cukup irit yaitu 14,2 km / liter dengan kecepatan 40 - 60 km / jam .",positive,neutral,neutral,neutral,neutral,neutral
brio manuver nya lincah abis kalo dibanding sama calya,neutral,negative,neutral,neutral,neutral,neutral
"mobilio oke banget secara keseluruhan, tapi buat pilihan warna nya gak menarik",neutral,neutral,positive,negative,neutral,neutral
Menurut saya pribadi : Vario 150 2018 hanya ganti baju saja . Mesin dan rem kurang memuaskan karena tak ada peningkatan .,neutral,negative,neutral,negative,neutral,neutral
altis 2010 saja masih enak apalagi 2014,neutral,neutral,positive,neutral,neutral,neutral
Konsumsi bahan bakar Avanza cukup irit,positive,neutral,neutral,neutral,neutral,neutral
Motor beat aku yang menemani aku di saat ke mana saja dan yang penting bbm - nya ramah lingkungan dan ramah juga di kantong dan tarikan nya mantap banget .,positive,positive,neutral,neutral,neutral,neutral
Hanya honda beat yang sudah terbukti mantap dan dahsyat.,neutral,neutral,positive,neutral,neutral,neutral
"punya mobil altis tidak awet , baru setahun sudah rusak .",neutral,neutral,negative,neutral,neutral,neutral
jazz lebih bandel kalo dibanding brio,neutral,negative,neutral,neutral,neutral,neutral
"nambah logo doang , harga naik puluhan juta",neutral,neutral,neutral,neutral,negative,neutral
"Saya juga punya HRV E 2018 Secara keseluruhan saya suka mengendarai nya , Nyaman",neutral,neutral,positive,neutral,neutral,neutral
"Lagi mikir , mobil murah dan perawatan mudah kan Avanza , tapi kok gak ada perusahaan taksi yang pake ya ? Kan enak penumpang nya bisa 6 orang .",neutral,neutral,neutral,neutral,positive,positive
Bagusan Fortuner daripada Pajero sport,neutral,neutral,negative,neutral,neutral,neutral
"Fortuner kalau dilihat harga nya memang menjulang tinggi . tetapi di balik harga itu , kualitas yang diberikan juga bagus .",neutral,neutral,positive,neutral,negative,neutral
Honda vario ku murah perawatan rutin dan selalu termonitor kalau ada kekurangan satu dan lainnya dapat terdeteksi secara cepat dan bahkan banyak tempat servis yang tersebar menjadikan mudah dalam pemeliharaan nya .,neutral,neutral,neutral,neutral,neutral,positive
konsumsi bahan bakar yang cukup irit menurut saya adalah poin penting dari Calya ini .,positive,neutral,neutral,neutral,neutral,neutral
"Toyota Innova suspensi nya sangat mantap , tidak pernah rewel mesin nya karena rutin diservis .",neutral,positive,neutral,positive,neutral,neutral
selama ini tidak pernah bermasalah dan memang mesin nya tangguh dan bandel baik untuk jalan menanjak di pegunungan . Pokok nya Avanza terbaik .,neutral,positive,positive,neutral,neutral,neutral
kemahalan ya agya kalau untuk keluarga dengan ekonomi pas-pasan,neutral,neutral,neutral,neutral,negative,neutral
"nmax lebar sih . cuma Honda kalau soal servis masih lebih aman ,",neutral,neutral,neutral,positive,neutral,positive
"yamaha lexi speed nya gila, tarikan nya juara, cuma yah, bensin nya nyedot, bro.",negative,positive,neutral,neutral,neutral,neutral
"Menurut saya untuk harga mobil sekelas nya , sampai saat ini mungkin IGNIS ini yang paling value for money .",neutral,neutral,neutral,neutral,positive,neutral
Wuling Formo 1.2 Standard yang ramah untuk penumpang.,neutral,neutral,positive,neutral,neutral,neutral
selama ini pakai xexi lumayan enak dan nyaman juga .,neutral,neutral,positive,neutral,neutral,neutral
"Lebih bagus Mobil Esemka , Mobil Nasional Asli Buatan Dalam Negeri , Harga Terjangkau , Irit BBM Mesin nya juga tangguh .",positive,positive,positive,neutral,positive,neutral
mobilio tarikan halus banget menang telak daripada agya kalah jauh,neutral,negative,neutral,neutral,neutral,neutral
"Kalau untuk secara desain , interior dan fitur Honda mumpuni okelah .",neutral,neutral,neutral,positive,neutral,neutral
"lebih nyaman All New Avanza , lebih gesit . akselerasi lebih baik .",neutral,positive,neutral,neutral,neutral,neutral
"Saya pakai grand livina dari 2008 , km udah hampir 400 ribu . Masih nyaman-nyaman saja , dan irit .",positive,neutral,positive,neutral,neutral,neutral
kelebihan Avanza yang membuat saya jatuh hati sama avanza adalah penggunaan sistem penggerak roda belakang atau rear wheel drive .,neutral,neutral,neutral,positive,neutral,neutral
Untuk menjaga performa terbaik Innova ini tak perlu banyak biaya servis seperti mobil saya terdahulu .,neutral,neutral,neutral,neutral,neutral,positive
Xenia memang masih kurang dari segi keamanan nya . Air bag - nya kagak ada bos .,neutral,neutral,neutral,positive,neutral,neutral
Gw sih pilih fortuner karena enteng klo di jalan jelek,neutral,neutral,positive,neutral,neutral,neutral
keseluruhan saya suka dengan Terios .,neutral,neutral,positive,neutral,neutral,neutral
Daihatsu Sigra mobil LCGC yang menawarkan kabin luas dengan 7 seat.,neutral,neutral,neutral,positive,neutral,neutral
Mending inilah daripada Honda Jazz city car over price pelit fitur .,neutral,neutral,neutral,negative,negative,neutral
Karimun Wagon R sesuai kebutuhan & budget aja biar tetep bisa menikmati nya dan tidak menggangu kebutuhan lainnya,neutral,neutral,neutral,neutral,positive,neutral
Calya ini mobil jelek pelan pula untuk apa dibeli,neutral,neutral,negative,neutral,neutral,neutral
"Alhamdullilah inden dari dealer wulling agustus awal mobil sudah datang , cepat .",neutral,neutral,neutral,neutral,neutral,positive
suka banget sama fitur Paddle shift - nya HRV E 2018 kayak mobil balap kalau bawa di tol suara mesin nya .,neutral,positive,neutral,positive,neutral,neutral
avanza mantep banget power nya buat dibawa ke jalanan tajam,neutral,positive,neutral,neutral,neutral,neutral
Hadeh toyota prado segala rusak . Emang kata abang gue perawatan mobil matic itu susah,neutral,neutral,neutral,neutral,neutral,negative
vario body nya lebih kokoh daripada mio,neutral,neutral,neutral,negative,neutral,neutral
Honda Brio ini mobil yang lumayan keren sih memang,neutral,neutral,positive,neutral,neutral,neutral
saya semakin yakin untuk pakai honda brio sebagai mobil sehari-hari karena menyenangkan untuk dikendarai .,neutral,neutral,positive,neutral,neutral,neutral
pajero lah yg menang soal nya dia hemat karena solar Dan lebih nyaman,positive,neutral,positive,neutral,neutral,neutral
pilihan jatuh ke Xenia karena faktor harga dan servis Xenia pasti lebih murah hehe .,neutral,neutral,neutral,neutral,positive,positive
Avanza menjadi lebih praktis dipakai di beragam rute dengan kondisi jalan yang sempit juragan .,neutral,neutral,positive,neutral,neutral,neutral
gue pemakai livina xr 2010 gue pakai livina serasa nyaman senyaman mercy sampai-sampai harga jual nya pun sama dengan mercy,neutral,neutral,positive,neutral,positive,neutral
"sudah setahun lebih Toyota Calya ini saya pakai ke tempat-tempat ekstrem , namun sampai saat ini pun belum pernah saya temukan masalah pada mobil ini .",neutral,neutral,positive,neutral,neutral,neutral
"xenia li saya , tahun 2006 akhir dah vvti bunyi mesin nya kasar kalau posisi diam . kayak diesel gitu .",neutral,negative,neutral,neutral,neutral,neutral
"Soal tenaga yang kurang di ertiga juga agak mengganggu ,",neutral,negative,neutral,neutral,neutral,neutral
harga jual Nmax pun bersaing,neutral,neutral,neutral,neutral,positive,neutral
"suka sama brio karena lincah dan gesit banget untuk dibawa ke manapun, calya kalah jauh pokok nya",neutral,negative,neutral,neutral,neutral,neutral
Naik pajero goyang nya parah mending naik inova,neutral,neutral,positive,neutral,neutral,neutral
Menurut saya mobil xpander ini sangat nyaman dan keren,neutral,neutral,positive,neutral,neutral,neutral
Xpander lebih memiliki kesan Gahar dari eksterior .,neutral,neutral,neutral,positive,neutral,neutral
Jazz VTEC Lama saja lebih murah,neutral,neutral,neutral,neutral,positive,neutral
xenia bodi nya sudah oke tinggal ganti kaki-kaki saja semoga modifikasi mu menyenangkan,neutral,neutral,neutral,positive,neutral,neutral
Toyota rush enak dipakai sehari-hari dalam kota dan santai untuk dipakai mudik .,neutral,neutral,positive,neutral,neutral,neutral
tak heranlah juragan karena avanza mempunyai fitur yang cukup lengkap dengan harga enggak terlalu mahal,neutral,neutral,neutral,positive,positive,neutral
"mobil ku xenia tahun 2004 , tipe Li standar . Spion nya masih yang model tipis , kurang elegan .",neutral,neutral,neutral,negative,neutral,neutral
Ini ruang tunggu bengkel @ToyotaID paling nyaman . Hampir 3 jam dan masih betah . Pelayanan ramah . Enak nya punya Toyota .,neutral,neutral,neutral,neutral,neutral,positive
"Awal nya orang tua tertarik sama ini mobil tetapi begitu lihat si mitsubishi langsung berubah pikiran enggak jadi inden ini mobil , kata mereka interior dalam nya membosankan .",neutral,neutral,neutral,negative,neutral,neutral
"Tenaga emang ok , tapi desain pajero kayak banci ... kurang gagah model pajero",neutral,positive,neutral,negative,neutral,neutral
Li biru dlx harga jual nya pun tinggi . Beli tahun 2004 sekitar 80 jutaan dijual 2009 90 jutaan . Untung juragan .,neutral,neutral,neutral,neutral,positive,neutral
cooper kecil tetapi mahal,neutral,neutral,neutral,neutral,negative,neutral
pilihan warna brio lucu-lucu semua bingung pilih mana,neutral,neutral,neutral,positive,neutral,neutral
"Gw pernah naik Fortuner keras bgt coy , kata nya enakan pajero",neutral,neutral,positive,neutral,neutral,neutral
Bengkel @Honda Terang anugrah pamulang payah pelayanan nya,neutral,neutral,neutral,neutral,neutral,negative
xpander terlihat seperti mobil tahun 2020,neutral,neutral,positive,neutral,neutral,neutral
sampai saat ini tingkat kenyamanan calya tidak ada yang menandingi .,neutral,neutral,positive,neutral,neutral,neutral
Suka banget sama terios baru,neutral,neutral,positive,neutral,neutral,neutral
"Ternyata pelayanan bengkel-bengkel yamaha asli jelek banget , gue bagusin stater hand sampe bolak balik cuma kasih duit ke bengkel nya tapi tetep enggak bisa digunain stater gue .",neutral,neutral,neutral,neutral,neutral,negative
fortuner gak cocok buat mahasiswa dari segi desain yang terlalu mencolok dan mahal pula,neutral,neutral,neutral,negative,neutral,neutral
Saya lebih cenderung VRZ punya daya tarik tersendiri,neutral,neutral,positive,neutral,neutral,neutral
"saya baca di atas tetangga , xenia juga naik itu sekitar 2 - 3 juta . makin mahal saja ya mobil sekarang .",neutral,neutral,neutral,neutral,negative,neutral
Avanza sangat mendukung profesi yang saya jalani karena bbm - nya irit .,positive,neutral,neutral,neutral,neutral,neutral
wah murah nih . modal DP doang . bisa untuk grab car nih . murah meriah masih bisalah untuk jadi grab car .,neutral,neutral,neutral,neutral,positive,neutral
saya pilih xi+ karena ternyata irit nya enggak beda jauh .,positive,neutral,neutral,neutral,neutral,neutral
numpang gabung ya baru beli xenia 04 - 2008 3 hari yang lalu keseluruhan gue ngerasa cukup .,neutral,neutral,positive,neutral,neutral,neutral
"gue pernah pakai karimun sebelum mobil gue yang sekarang , menurut gue ini lcgc paling nyaman , paling murah",neutral,neutral,positive,neutral,positive,neutral
Toyota Avanza Veloz baru adalah menggunakan mesin Dual VVT - i yang sebelumnya menggunakan single VVT - i. juragan mantap,neutral,positive,neutral,neutral,neutral,neutral
Wah kayak nya si wuling formo ini kurang meyakinkan buat tunggangan besi harian.,neutral,neutral,negative,neutral,neutral,neutral
"GL nyaman banget memang , kalau di tol juga juara .",neutral,neutral,positive,neutral,neutral,neutral
Rush 2018 varian G AT irit bahan bakar .,positive,neutral,neutral,neutral,neutral,neutral
Agak kemahalan ya untuk sekelas brio,neutral,neutral,neutral,neutral,negative,neutral
Terakhir service ke bengkel Daihatsu tahun 2016 . Agak mahal sih memang . Ehe .,neutral,neutral,neutral,neutral,neutral,negative
"@DaihatsuInd service di bengkel daihatsu harga nya mahal banget , onderdil masih bagus minta diganti sama CS / mekanik nya . Sekali service 2jt",neutral,neutral,neutral,neutral,neutral,negative
keseluruhan mobil Wuling confero S 1.5 L Lux+ ini direkomendasikan banget .,neutral,neutral,positive,neutral,neutral,neutral
semua produk nissan laku keras di pasaran .,neutral,neutral,positive,neutral,neutral,neutral
"Kalau buat usaha pakai Li saja , pasti nyaman .",neutral,neutral,positive,neutral,neutral,neutral
HRV ini punya ultra seat jadi bawa barang yang jangkung atau mau menyembunyikan barang bisa di bawah jok . keren sih .,neutral,neutral,neutral,positive,neutral,neutral
Great New Xenia punya harga yang bersahabat dan interior yang lumayan untuk tipe tertinggi,neutral,neutral,neutral,positive,positive,neutral
bangga banget saya punya mobil xenia ini walaupun harga nya mahal .,neutral,neutral,positive,neutral,negative,neutral
Rush 2018 saya varian G AT suara mesin kasar .,neutral,negative,neutral,neutral,neutral,neutral
"4 tahun pakai altis , terbukti sih ini mobil mesin nya bandel banget",neutral,positive,neutral,neutral,neutral,neutral
Mobil lmpv paling enak mesin dan handling nya .. sayang fitur nya nanggung banget belum ada smartkey,neutral,positive,neutral,negative,neutral,neutral
jujur saja tenaga nya Mobilio lebih besar yang manual dan akselerasi nya lebih cepat,neutral,positive,neutral,neutral,neutral,neutral
"suka sekali sama agya, tarikan nya itu loh halus banget",neutral,positive,neutral,neutral,neutral,neutral
Ke mana-mana mau jarak dekat atau pun jauh tetap nyaman pakai scooy . muatan bagasi banyak dan mesin tidak cepat panas .,neutral,positive,positive,positive,neutral,neutral
"Avanza guncangan mesin nya halus meski di jalan yang tak mulus , AC enggak menurun meski dinyalakan tanpa henti , dan mesin enggak cepat panas berlebih meski macet bermenit-menit .",neutral,positive,neutral,positive,neutral,neutral
Mending pajero simple ga kebanyakan desain,neutral,neutral,neutral,positive,neutral,neutral
Pikiran lebih pilih li. mengincar irit nya yang super,positive,neutral,neutral,neutral,neutral,neutral
Pengalaman hrv 1.5 e cvt . Sangat tidak puas,neutral,neutral,negative,neutral,neutral,neutral
"Sudah bensin nya irit , mesin nya bandel . perjalanan semakin lancar . harga jual tidak jatuh , dibanding dengan merek yang lain .",positive,positive,neutral,neutral,positive,neutral
Xenia yang 1000 cc punya handling yang lebih lincah dan enteng,neutral,neutral,neutral,positive,neutral,neutral
"Honda Vario terasa sangat lincah dan tangguh mengantar saya ke mana saja , membelah tiap lekuk dan sudut yogyakarta dan sekitar nya tanpa khawatir kenapa-kenapa .",neutral,positive,neutral,neutral,neutral,neutral
"Pada tahun 2017 saya beli beat , status saya pelajar jadi saya setiap hari pake ke sekolah jujur tarikan nya nyaman dan juga lincah tetapi yang disayangkan ground clearance - nya kurang tinggi",neutral,positive,neutral,negative,neutral,neutral
"Saya berombongan pakai xenia 1.0 , ternyata tenaga xenia 1.0 juga oke punya",neutral,positive,neutral,neutral,neutral,neutral
keunggulan mobil Avanza terbaru adalah sparepart - nya yang mudah dicari .,neutral,neutral,neutral,positive,neutral,neutral
"wah , juragan xenia li 2004 saya dulu 5 tahun belum ganti ban . masih tebal semua",neutral,neutral,neutral,positive,neutral,neutral
hati-hati aja mobilio purnajual nya suka jatuh,neutral,neutral,neutral,neutral,negative,neutral
Gue punya selis sudah 4 tahun. masih awet. batre sama kontroler nya enggak pernah masalah.,neutral,neutral,positive,positive,neutral,neutral
Ignis ini city car paling terjangkau dengan poin-poin di atas,neutral,neutral,neutral,neutral,positive,neutral
"Veloz keluaran Toyota ternyata enak dipake , nyaman , pesan dari dealer juga gak lama inden nya , thanks toyota :D",neutral,neutral,positive,neutral,neutral,positive
cinta banget sama pilihan warna honda jazz yang bikin gemas,neutral,neutral,neutral,positive,neutral,neutral
salah satu yang saya suka dari yamaha adalah after sales service nya,neutral,neutral,neutral,neutral,neutral,positive
Yahama Aerox 155 vva akselerasi memang top.,neutral,positive,neutral,neutral,neutral,neutral
Gak bisa tidur kalau malam-malam di mobil karena suara ac nya berisik sekali,neutral,neutral,neutral,negative,neutral,neutral
Honda HRV kaki-kaki terasa ringkih . Per belakang gampang ngejeduk .,neutral,neutral,neutral,negative,neutral,neutral
"Menurut saya veloz gak seindah itu om , gak ada nyaman-nyaman nya kalo dibandingin lawan2 nya .",neutral,neutral,negative,neutral,neutral,neutral
after sales service yamaha selalu mengedepankan customer daripada untuk keuntungan sendiri,neutral,neutral,neutral,neutral,neutral,positive
fun to drive memang honda brio masih lebih fun dari sirion,neutral,neutral,negative,neutral,neutral,neutral
Altis gen 11 pas lah buat yang cari kenyamanan berkendara,neutral,neutral,positive,neutral,neutral,neutral
keren pajero bro ... fortuner mah lewat ..,neutral,neutral,negative,neutral,neutral,neutral
"mantep juga nih ketahanan mesin mobil nya wuling confero L, auto banyak yang beli buat taksi online.",neutral,positive,neutral,neutral,neutral,neutral
Rush dan terios tampilan saja bagus tetapi kualitas murahan . mendingan beli cortez nyaman dibawa dan murah .,neutral,neutral,positive,positive,positive,neutral
Suka sekali xenia perawatan murah pemakaian mudah sparepart oke .,neutral,neutral,positive,positive,neutral,positive
sigra juga kuat power nya untuk dibawa kebut-kebutan di jalan lintas sumatra yang kejam.,neutral,positive,neutral,neutral,neutral,neutral
Buat yang punya Avanza dan Xenia pasti sudah merasakan berisik nya suara di dalam kabin dan lemah nya bantingan mobil .,neutral,neutral,neutral,negative,neutral,neutral
"kemarin saya di honda brio , baru 2 tahun pakai dan jarang dipakai kaki-kaki sudah bunyi , rem cepat habis , sama sil booster rem atau master rem yang rembes",neutral,neutral,neutral,negative,neutral,neutral
"buat bensin fortuner enggak usah ditanya , saya isi penuh hari minggu , dan itu bisa dipakai sampai dua minggu ke depan . irit banget kan !",neutral,positive,neutral,neutral,neutral,neutral
mobil bagus irit bahan bakar dan murah ya brio,positive,neutral,positive,neutral,positive,neutral
vario pokoknya lebih bagus daripada mio dalam segala hal,neutral,neutral,negative,neutral,neutral,neutral
Hrv punya tetangga saya kok shock depan keras ya .,neutral,neutral,neutral,negative,neutral,neutral
Driver lebih nyaman dengan posisi perseneling yang unik. Terima kasih Sigra.,neutral,neutral,neutral,positive,neutral,neutral
"Honda beat street adalah sepeda motor yang bisa dikatakan murah , tetapi bukan murahan . Karena selain keren , juga sangat gampang untuk dimodifikasi .",neutral,neutral,positive,neutral,positive,neutral
pakai new avanza bu . Boros bensin haha,negative,neutral,neutral,neutral,neutral,neutral
"enak sih pakai brio , pasaran nya juga stabil",neutral,neutral,positive,neutral,positive,neutral
"Saya beli Avanza 2011 , untuk harga sangat ergonomis buat keluarga dan untuk konsumsi bensin nya irit .",positive,neutral,neutral,neutral,positive,neutral
Sudah dari dulu Toyota selalu kasih produk super mahal dengan fitur pas pasan,neutral,neutral,neutral,negative,negative,neutral
Xeli lumayan irit bbm 1:9 dalam kota ( belum pernah bawa ke luar kota ) .,positive,neutral,neutral,neutral,neutral,neutral
"Adik ku juga pakai hrv tetapi yang 1500 , kalau lagi nebeng di kursi belakang memang nyaman banget luas .",neutral,neutral,neutral,positive,neutral,neutral
dengan harga nya terjangkau mobil avanza ini masih digemari masyarakat indonesia sebagai mobil keluarga pilihan,neutral,neutral,neutral,neutral,positive,neutral
coba saja dibandingkan buat lari pasti brio lebih lincah daripada calya,neutral,negative,neutral,neutral,neutral,neutral
"Toyota harga kemahalan , kualitas menurun , layanan purnajual menurun",neutral,neutral,negative,neutral,negative,negative
"Fortuner model bapak bapak , Pajero Model Anak muda",neutral,neutral,neutral,positive,neutral,neutral
Keseluruhan kecewa berat sama honda HRV,neutral,neutral,negative,neutral,neutral,neutral
"CHR design gado2 , berasa liat beberapa mobil dicomot2",neutral,neutral,neutral,negative,neutral,neutral
"calya tidak didesain untuk dipakai di medan yang sulit, lemah!",neutral,neutral,neutral,negative,neutral,neutral
"saran ku dan pengalaman ku , mending beli mobil niaga L300 atau canter . irit dan bandel .",positive,positive,neutral,neutral,neutral,neutral
honda brio termasuk yang cukup ekonomis di kelas nya,neutral,neutral,neutral,neutral,positive,neutral
"sudah harga nya mahal, fortuner ini juga konsumsi bahan bakar nya lumayan menguras dompet",negative,neutral,negative,neutral,neutral,neutral
Toyota Rush irit,positive,neutral,neutral,neutral,neutral,neutral
pengalaman berkendara nya sangat menyenangkan pakai Avanza karena suara mesin nya yang halus,neutral,positive,neutral,neutral,neutral,neutral
"mobil avanza tidak terlau mahal , tetapi banyak fitur yang mendukung .",neutral,neutral,neutral,positive,positive,neutral
Honda Spacy irit banget sumpah,positive,neutral,neutral,neutral,neutral,neutral
Wuling confero S 1.5 L Lux+ ke jawa timur park 3 terasa kenyamanan mobil ini tidak limbung .,neutral,neutral,positive,neutral,neutral,neutral
Mobil xenia mantap irit pula . untuk perawatan nya mesin nya lumayan murah .,positive,neutral,positive,neutral,neutral,positive
Suara knalpot nya xpander bikin gue bahagia,neutral,positive,neutral,neutral,neutral,neutral
sangat berkesan dengan Avanza karena harga nya yang murah dibanding dengan mobil sekelas nya ( saya beli bekas ) .,neutral,neutral,neutral,neutral,positive,neutral
komplit sekali servis yang ditawarkan toyota semua nya ada pokok nya paket lengkap,neutral,neutral,neutral,neutral,neutral,positive
tenaga maknyus bagus . Vario125 esp combi brake enak enggak memalukan .,neutral,positive,neutral,positive,neutral,neutral
pengalaman saya punya avanza bahan bakar nya lebih hemat daripada ketika saya punya xenia,negative,neutral,neutral,neutral,neutral,neutral
"gue punya xenia xi , dasbor nabrak pohon , setelah dua hari diperbaiki di servis resmi daihatsu , langsung jadi kayak baru lagi , keren .",neutral,neutral,neutral,neutral,neutral,positive
Mau pesaing baru yang buanyak yang keluar dan model sama fitur yg lebih seger . Tetep avanza ini ada di hati,neutral,neutral,positive,neutral,neutral,neutral
"xenia mi jendela masih engkol , setir berat . enggak ada rpm - nya",neutral,neutral,neutral,negative,neutral,neutral
mantab review nya ... bener sih kalo masalah handling ga diragukan lagi .. membuat brio fun to drive,neutral,neutral,positive,positive,neutral,neutral
Suzuki Karimun GX tidak hanya bandel dan memiliki kabin luas tetapi juga irit,positive,positive,neutral,positive,neutral,neutral
"Fortuner adalah mobil impian saya . Ini adalah suv mahal memang , tetapi sepadan .",neutral,neutral,neutral,neutral,negative,neutral
kalau saya lebih pilih datsun cross . harga lebih murah body lebih kekar,neutral,neutral,neutral,positive,positive,neutral
Kalau rush banyak jeroan nya jadi berat tetapi stabil .,neutral,positive,neutral,negative,neutral,neutral
cat xenia entah kenapa gampang banget baret alus .,neutral,neutral,neutral,negative,neutral,neutral
"grand livina cuma menang di interior, mesin tetap kalah.",neutral,negative,neutral,positive,neutral,neutral
Tapi yang sangat jelek dari Freed adalah tarikan nya .,neutral,negative,neutral,neutral,neutral,neutral
SUZUKI ertiga mobil murah tetapi tidak murahan dilihat interior nya mantap .,neutral,neutral,neutral,positive,positive,neutral
"1 kelemahan xenia , DUDUK DI BARIS PALING BELAKANG KAYAK NAIK UNTA ! GILA BERASA BANGET PUYENGNYA .",neutral,neutral,neutral,negative,neutral,neutral
si xexi tarikan oke . lari 120 di cipularang oke saja itu .,neutral,positive,neutral,neutral,neutral,neutral
Xenia li biru dlx AC - nya dingin juga . Mantaplah .,neutral,neutral,neutral,positive,neutral,neutral
emang xenia semua irit tetapi kalau sering dipakai dalam kota apalagi jakarta enggak seberapa berefek,positive,neutral,neutral,neutral,neutral,neutral
masalah nopol aja lama sekali mengurus nya kecewa sama nissan,neutral,neutral,neutral,neutral,neutral,negative
Honda HRV gas nya pelan di jalan enggak rata bunyi semua .,neutral,negative,neutral,neutral,neutral,neutral
Avanza sih harga nya murah nan ramah,neutral,neutral,neutral,neutral,positive,neutral
kenyamanan vario lebih unggul dibanding mio .,neutral,neutral,negative,neutral,neutral,neutral
avanza oke banget manuver nya,neutral,positive,neutral,neutral,neutral,neutral
beat cukup ekonomis untuk mahasiswa,neutral,neutral,neutral,neutral,positive,neutral
satu hal yang mungkin dirasa kurang dari xenia ialah dengan beban penuh kapasitas tenaga mobil dirasa kurang maksimal,neutral,negative,neutral,neutral,neutral,neutral
Suspensi enak pajero sport bro bukan fortuner,neutral,neutral,neutral,negative,neutral,neutral
Punya beat injeksi irit nya minta ampun dipakai buat kencang juga oke tetapi setir kadang goyang-goyang kayak ban kempes,positive,neutral,neutral,negative,neutral,neutral
"Wuling adalah mobil yang bandel di segala medan , irit bahan bakar , desain yang dinamis dan mewah ditambah dengan harga yang pasti nya terjangkau",positive,positive,neutral,positive,positive,neutral
scoopy kaya nya memang dibuat untuk anak muda yang oke pokoknya,neutral,neutral,positive,neutral,neutral,neutral
jangan beli mobil produk @DaihatsuInd terutama mobil Xenia karena mesin nya mudah meledak .,neutral,negative,neutral,neutral,neutral,neutral
Elektronik Parking Brake HRV sudah oke banget .,neutral,neutral,neutral,positive,neutral,neutral
"kebetulan gue juga pakai livina dari 2010 . keluhan nya sama , mesin ngelitik padahal sudah bolak-balik beres berapa kali .",neutral,negative,neutral,neutral,neutral,neutral
Ternyata perawatan yamaha rata rata lebih murah dari kompetitor .,neutral,neutral,neutral,neutral,neutral,positive
"Honda Beat membuat saya semangat untuk bepergian jauh , apalagi perjalanan dekat , irit banget . Apalagi dengan bodi nya yang keren membuat saya jatuh cinta , mesin nya juga halus banget .",positive,positive,neutral,positive,neutral,neutral
"xenia 1:8 - 9 boros juga ya juragan , karena bodi besar nya dan cc kecil mungkin ya .",negative,neutral,neutral,neutral,neutral,neutral
jazz jauh lebih praktis dipake kalo dibanding brio,neutral,neutral,negative,neutral,neutral,neutral
Avanza mobil yang nyaman untuk keluarga dan tidak terlalu mahal perawatan nya,neutral,neutral,positive,neutral,neutral,positive
Daihatsu Ayla tuh yang lebih murah dan irit mah .,positive,neutral,neutral,neutral,positive,neutral
Pakai Altis v enggak boros-boros amat sih,positive,neutral,neutral,neutral,neutral,neutral
fortuner sparepart nya banyak dijual di mana-mana,neutral,neutral,neutral,positive,neutral,neutral
Jakarta - Bandung pakai xenia cuma 1 setengah jam . sungguh mesin yang sangat tangguh .,neutral,positive,neutral,neutral,neutral,neutral
Kalo soal irit dan perawatan sih tetep prefer ke supra x helm in .,positive,neutral,neutral,neutral,neutral,positive
"HRV prestige akhir tahun 2017 bagasi luas , bbm irit bisa 1:12 , jok kulit , lampu led enak kalau dipakai malam hari .",positive,neutral,neutral,positive,neutral,neutral
Enteng saat dikendarai . Enggak berat . Onderdil mudah dicari . Banyak konter-konter honda di deket rumah . Jadi enggak perlu jauh mencari tempat servis jauh-jauh .,neutral,neutral,positive,positive,neutral,positive
Toyota Calya hemat bahan bakar dan kabin memuat banyak penumpang,positive,neutral,neutral,positive,neutral,neutral
enggak menyesal juga ambil mobil honda enggak kalah bandel irit tahan banting sudah pakai jazz,positive,positive,neutral,positive,neutral,neutral
Honda HRV Cvt - nya lambat ( enggak tahu yang 1.8 ) .,neutral,neutral,neutral,negative,neutral,neutral
"Pertama kali memiliki mobil ini rasanya seperti mimpi , karena setelah dapat mobil ternyata menang undian juga 10 juta rupiah dari Daihatsu . Mobil irit , servis mudah dan murah .",positive,neutral,neutral,neutral,neutral,positive
"Simpel cocok dijuluki untuk nya Honda beat makin bertambah gaya desain minimalis namun juara di kelas nya , bahan bakar juara nya hemat ramah dan bersahabat dengan saku maupun di dompet , sukses selalu Honda one Heart",positive,neutral,neutral,positive,positive,neutral
"Kok Nissan GL enggak banget , deh .",neutral,neutral,negative,neutral,neutral,neutral
"Saya pakai karimun , adik saya pakai brio . memang karimun lebih nyaman walau lebih murah dari brio .",neutral,neutral,positive,neutral,positive,neutral
"Saya punya avanza G 2008 , baru juni kemarin saya beli dari Tunas Toyota . terus kopling sudah agak berat saja",neutral,neutral,neutral,negative,neutral,neutral
fortuner sparepart nya gampang ditemukan di mana saja,neutral,neutral,neutral,positive,neutral,neutral
"kalau ada budget lebih pilih Xi saja , tarikan lebih enak dan bertenaga ,",neutral,positive,neutral,neutral,neutral,neutral
handling mini cooper juara .,neutral,neutral,neutral,positive,neutral,neutral
"kalau Xi plus , speed juga enggak ragu buat dites sama mobil kelas lain .",neutral,positive,neutral,neutral,neutral,neutral
"Naik honda beat , saya yang 180 cm berasa abang-abang naik troli bayi .",neutral,neutral,negative,neutral,neutral,neutral
"Daihatsu Xenia yang paling pas buat saya dan keluarga , perawatan lebih mudah dan part lebih murah dari kendaraan merek lainnya .",neutral,neutral,positive,positive,neutral,positive
"mesin 3SZ - VE 1500 cc ini memang lebih pas di badan Avanza , bertenaga namun efisien",neutral,positive,neutral,neutral,neutral,neutral
Mobil yang ga pernah gw lirik di jalanan ... mobilio dan brv ... design nya semrawut .. jelek pol,neutral,neutral,neutral,negative,neutral,neutral
"Saya juga pakai Honda . Salah satu yang paling saya suka dari merek ini adalah kepraktisan nya ,",neutral,neutral,positive,neutral,neutral,neutral
mobilio hitam ini cukup membuat orang heran dan memakainya pun terasa gagah,neutral,neutral,positive,neutral,neutral,neutral
"saya sih mending xi irit sih beda tipis apalagi macet di kota-kota besar enggak berefek xi buat luar kota enak , tanjakan juga oke .",positive,neutral,positive,neutral,neutral,neutral
Kalau aku tetap pilih avanza karena sudah terbukti kehandalan mesin nya.,neutral,negative,neutral,neutral,neutral,neutral
"cukup impresif , dari sisi harga , kelengkapan dan tentunya engine yang pakai 4 cylinder , saya percaya bakal laku keras .",neutral,neutral,neutral,neutral,positive,neutral
"Vario 125 sangat ringan dan nyaman dipakai untuk perempuan seperti saya , apalagi dibawa ke mana-mana sangat irit dan harga nya terjangkau dibandingkan motor honda yang lain .",positive,neutral,positive,neutral,positive,neutral
Kenapa saya pilih pajero karena saya sering pulang kampung waktu lebaran dan jalan nya kebanyakan jelek dan tanjakan nya full curam belom di aspal,neutral,positive,neutral,neutral,neutral,neutral
"Xenia irit banget apalagi kalau lagi kere . coba matikan saja ac - nya , bisa jalan-jalan dengan 25.000 rupiah .",positive,neutral,neutral,neutral,neutral,neutral
Mesin diesel yg paling kondang sampai ke kampung kampung ya Mitsubishi,neutral,positive,neutral,neutral,neutral,neutral
Jazz enak . tetapi mahal harga dan perawatan gila .,neutral,neutral,positive,neutral,negative,negative
"Kijang kapsul luas tetapi boros bensin , avanza irit tetapi sempit , huh",positive,neutral,neutral,negative,neutral,neutral
"kalau mengutamakan desain sih ya mending brio saja, tapi kalau dari segi tenaga masih kurang",neutral,negative,neutral,positive,neutral,neutral
Puas banget sama after sales-nya Nissan.,neutral,neutral,neutral,neutral,neutral,positive
HRV nyaman terutama pas menyetir malam karena lampu nya terang ( double LED ) dan yang jelas irit .,positive,neutral,positive,positive,neutral,neutral
"Mini cooper , mobil stylish yang mendekati sempurna",neutral,neutral,positive,neutral,neutral,neutral
xenia gak awet banget masa baru 6 bulan sudah bermasalah,neutral,neutral,negative,neutral,neutral,neutral
"Xenia Xi sporty kalau pas menghidupkan AC , suara mesin nya berisik banget",neutral,negative,neutral,neutral,neutral,neutral
"Avanza ini bodi nya makin bagus , lebih irit bahan bakar , onderdil banyak dan murah , ukuran lebih lega , mudah dijual , harga jual tinggi , dibawa pulang kampung enak , perawatan murah . Lebih elegan .",positive,neutral,positive,positive,positive,positive
Memiliki mesin dual VVTI dan sistem penggerak roda belakang membuat Daihatsu Great New Xenia punya keunggulan dalam efisiensi dan kemudahan perawatan nya .,positive,neutral,neutral,neutral,neutral,positive
scoopy kece . Bensin irit dibawa jauh pun tidak rewel . Enggak banyak buang-buang uang saat servis .,positive,neutral,positive,neutral,neutral,positive
menurut saya sih dari segi pandangan mata brio itu mewah walaupun minim fitur dan dari gengsi nya juga berbeda,neutral,neutral,positive,negative,neutral,neutral
calya didesain dapat dipakai untuk semua kalangan usia,neutral,neutral,neutral,positive,neutral,neutral
"Mungkin sudah 5 tahun saya pakai Kijang innova . Dalam pemakaian sehari-hari yang intens , mobil ini termasuk ramah perawatan .",neutral,neutral,neutral,neutral,neutral,positive
"Yamaha Nmax perawatan motor tidak ribet , dan harga nya terjangkau .",neutral,neutral,neutral,neutral,positive,positive
layanan Purnajual Toyota Dinilai Paling Memuaskan,neutral,neutral,neutral,neutral,neutral,positive
Gue lebih milih honda karena minim perawatan dan suku cadang yang awet dan murah,neutral,neutral,neutral,positive,neutral,positive
"Mending wuiling almaz . Fitur banyak , mesin turbo , body gede , harga menarik .",neutral,positive,neutral,positive,positive,neutral
Avanza sangat mendukung profesi yang saya jalani karena avanza bagi saya volume ruang yang besar .,neutral,neutral,neutral,positive,neutral,neutral
vario jauh lebih gesit daripada mio,neutral,negative,neutral,neutral,neutral,neutral
"Masya Allah toyota mahal harga nya , tetapi pelit fitur-fitur",neutral,neutral,neutral,negative,negative,neutral
"Bagus banget sih Scoopy , cocok buat cewek pas banget . Mesin nya halus juga . ban nya lucu begitu .",neutral,positive,positive,positive,neutral,neutral
Selain elegan motor juga keren buat anak muda atau pun orang tua selain itu perawatan juga sangat mudah dan ditambah onderdil juga murah membuat saya mengagumi produk honda selain itu juga irit bahan bakar dengan mesin injeksi membuat mesin lebih awet dan tangguh buat perjalanan jauh pun mesin tetep oke,positive,positive,neutral,positive,neutral,positive
"Kualitas produk , teknologi , hingga suku cadang yang terjamin juga menjadi aspek yang memengaruhi daya tarik Avanza ini juragan",neutral,neutral,positive,positive,neutral,neutral
avanza saya kopling nya memang agak keras juragan .,neutral,neutral,neutral,negative,neutral,neutral
"Dengan sigra perjalanan lebih nyaman, budget bensin bisa dialokasikan untuk keperluan lain.",positive,neutral,positive,neutral,neutral,neutral
Saya tunggu bertahun-tahun . kapan nih Daihatsu Sukabumi punya bengkel yang layak seperti Toyota dan Honda . yang ada sekarang jelek bukan main,neutral,neutral,neutral,neutral,neutral,negative
Xenia ku tipe xi sudah 1.5 tahun dan cukup bangga dengan performa nya,neutral,positive,neutral,neutral,neutral,neutral
Desain Unibody ini memberikan kemampuan lebih kepada Avanza dalam menahan beban dan itu salah satu poin dibandingkan dengan para pesaing nya juragan,neutral,neutral,neutral,positive,neutral,neutral
"pernah pakai Avanza ke luar kota dari pagi sampai sore , mesin dan AC nyala tanpa henti , tetapi enggak menurun",neutral,positive,neutral,positive,neutral,neutral
Rush baru terlihat lebih gagah dan keren,neutral,neutral,positive,neutral,neutral,neutral
"Njrit , mahal amat , vario perawatan cuma perlu ganti oli mesin sama gardan , kalau ada yang perlu diganti ya gue ganti sendiri , gue mending modal dikit beli toolkits buat bongkar motor daripada dibawa ke bengkel resmi , suka ngaco bengkel resmi",neutral,neutral,neutral,neutral,neutral,negative
"Setelah penggunaan beberapa waktu, motor ini sangat nyaman, empuk sekali melewati jalanan rusak, seperti lempeng begitu saja tanpa ada guncangan yang berarti.",neutral,neutral,positive,neutral,neutral,neutral
"Senang gue sama Xenia Li. keluar duit enggak banyak , dapat nya mantap .",neutral,neutral,positive,neutral,positive,neutral
"Alasan saya pilih HRV karena butuh mobil yang jangkung , lega di kelas nya , dan model nya ganteng .",neutral,neutral,neutral,positive,neutral,neutral
Kegoblokan Nissan di GL ini mesin enggak dikasih Knock Sensor ( cuma alat satu doang pelit banget ) .,neutral,negative,neutral,neutral,neutral,neutral
"brio gak cocok dibawa pergi ke medan yang susah, lemah dia",neutral,neutral,positive,neutral,neutral,neutral
Calya bagus cantik irit dan terjangkau,positive,neutral,neutral,positive,positive,neutral
"Honda slalu nanggung dan maksa tiap kali melakukan upgrade mobil yangg sudah ada , membosankan",neutral,neutral,negative,neutral,neutral,neutral
punya mobil mewah tetapi bahan bakar irit innova mantap toyota juara,positive,neutral,positive,neutral,neutral,neutral
dibuat bermanuver tajam juga masih tetep oke si honda brio ini,neutral,positive,neutral,neutral,neutral,neutral
"menyesal beli agya, tarikan lambat kalau dipakai rame-rame gak kuat",neutral,negative,neutral,neutral,neutral,neutral
kalo gak mau boros jangan beli scoopy,negative,neutral,neutral,neutral,neutral,neutral
Menurut gw sih fortuner menang jauh dari segi kemewahan nya daripada pajero yg kampungan banget,neutral,neutral,negative,neutral,neutral,neutral
"kalau ertiga body oke lah minimalis gitu, tapi tarikan lambat banget",neutral,negative,neutral,positive,neutral,neutral
"Mobil yang sangat cocok dan sangat nyaman digunakan saat bersama keluarga , suara mesin yang halus , eksterior yang nyaman dipandang , interior nya juga menarik , selain itu hemat bahan bakar .",positive,positive,positive,positive,neutral,neutral
"gede banget nih kapasitas avanza, volume ruangan nya lengang",neutral,neutral,neutral,positive,neutral,neutral
avanza ini mobil saya yang paling bandel,neutral,positive,neutral,neutral,neutral,neutral
Xi 2005 hebat banget nih mobil . kuat pakai premium ( 1:11 ) irit abis,positive,neutral,positive,neutral,neutral,neutral
Vario bentuk nya seksi buat boncengan pun nyaman dan aman sistem semua sudah canggih dan bbm irit di dompet kita semua .,positive,neutral,neutral,positive,neutral,neutral
yang saya enggak suka dari terios itu kaki-kaki nya yang kurang kuat dan berisik sekali,neutral,neutral,neutral,negative,neutral,neutral
kalau mesin dan tampang unggul brio satya . tapi lebih empuk dan lebih murah karimun .,neutral,positive,neutral,positive,positive,neutral
sebagai pengguna li sejauh ini sih irit ya . pas dengan mobilitas saya .,positive,neutral,positive,neutral,neutral,neutral
Jazz memang nyaman dikendarai tetapi sayang nya tidak didukung kinerja bengkel yang selevel .,neutral,neutral,positive,neutral,neutral,negative
Paling ok buat jalur semi off road dan tanjakan Terios,neutral,positive,neutral,neutral,neutral,neutral
"Dipakai kerja tiap hari enggak pernah rewel , mesin bandel , sesuai dengan kebutuhan , BBM irit tiada banding .",positive,positive,positive,neutral,neutral,neutral
"CHR = harga selangit , fitur kurang joss",neutral,neutral,neutral,negative,negative,neutral
"Harga mahal , tapi fitur gitu gitu aja .",neutral,neutral,neutral,negative,negative,neutral
Lebih ok pajero .... lebih jantan,neutral,neutral,positive,neutral,neutral,neutral
Mitshubisi raja jalanan,neutral,neutral,positive,neutral,neutral,neutral
Asli avanza saya boros akhir-akhir ini,negative,neutral,neutral,neutral,neutral,neutral
"Menurut saya aja nih , muka enakan sirion , untuk pantat enak brio",neutral,neutral,neutral,positive,neutral,neutral
"Beli beat fi buat harian , Tarikan nya nyaman , irit banget kalau dibuat kuliah . Harga oke .",positive,positive,neutral,neutral,positive,neutral
"nih mobil mantap , diajak mengejar innova masih sanggup . cuma bodi nya saja nih , kurang rigid . kalau dibawa lari di tol melayang .",neutral,neutral,positive,negative,neutral,neutral
"Saya naik mazda CX3 sehari-hari . performa mantap , mobil nyaman tidak seperti honda hrv yang cenderung goyang-goyang",neutral,neutral,negative,neutral,neutral,neutral
Salah satu yang paling saya suka dari merek Honda ini adalah ultra seat,neutral,neutral,neutral,positive,neutral,neutral
Fortuner Itu Mobil Tenaga nya Lemah Harga Selangit,neutral,negative,neutral,neutral,negative,neutral
xpander ini mpv paling bagus untuk orang yang cari mobil mpv canggih,neutral,neutral,positive,neutral,neutral,neutral
"Coba dong ke Honda Autoland Kelapa Gading , beda benar . Pelayanan , kualitas ruang tunggu dan lain-lain yang enggak banget .",neutral,neutral,neutral,neutral,neutral,negative
"Honda Vario yang pasti irit bbm , meskipun motor jenis matic tetapi untuk kecepatan tetap tangguh dibandingkan motor dengan cc yang sama dengan transmisi manual",positive,positive,neutral,neutral,neutral,neutral
"Xenia itu mobil irit oli ( cuma 2 liter ) , irit sparepart ( sparepart - nya cuma dikit ) .",positive,neutral,neutral,positive,neutral,neutral
"Sampai saat ini brand mobil paling memuaskan gue secara keseluruhan : value , kualitas mobil , purnajual masih Toyota .",neutral,neutral,positive,neutral,positive,neutral
"setelah ngeliat wuling almaz , ngeliat mobilio sama veloz jadi kayak sampah ..",neutral,neutral,negative,neutral,neutral,neutral
Calya tidak kalah dengan kualitas mobil-mobil mahal lainnya .,neutral,neutral,positive,neutral,neutral,neutral
Harga murah kualitas terjamin ertiga memang mobil yang mantap jaya,neutral,neutral,positive,neutral,positive,neutral
Mesin bandel dan irit menjadi alasan banyak keluarga di Indonesia memilih Agya sebagai mobil pertama mereka,positive,positive,neutral,neutral,neutral,neutral
"bebek & xenia sama-sama irit juragan , pokok nya Xenia nih",positive,neutral,neutral,neutral,neutral,neutral
akhirnya bisa membeli mobil juga . pilihan saya jatuh ke daihatsu xenia sporty . mobil ini sangat nyaman sekali . interior sangat bagus dan elegan . Lari nya juga sangat stabil dan mantap .,neutral,positive,positive,positive,neutral,neutral
"Xenia tahun 2008 bolak-balik jakarta - bandung , aki tetap aman .",neutral,neutral,neutral,positive,neutral,neutral
"saya punya xenia Li 08 family , sepanjang pemakaian nya belum ada keluhan sih .",neutral,neutral,positive,neutral,neutral,neutral
ampun deh punya xenia uang habis cuma buat konsumsi bensin,negative,neutral,neutral,neutral,neutral,neutral
"ya begitu itu Nissan , memang agak mahal tetapi daya tahan nya bagus .",neutral,neutral,positive,neutral,negative,neutral
"Wuling confero , mesin gardan oke dan mantap , mesin andal di kelas nya ,",neutral,positive,neutral,neutral,neutral,neutral
"Khusus nya Daihatsu Xenia Sporty Manual , apalagi yang terbaru ini , di samping irit bbm , suara mesin halus . Tarikan lebih baik dari generasi sebelumnya dan akselerasi cukup baik dan variasi tidak terlalu monoton atau ramai .",positive,positive,neutral,positive,neutral,neutral
Di samping harga nya yang terjangkau motor matic vario irit bahan bakar dan nyaman untuk digunakan dalam melaksanakan kegiatan sehari-hari .,positive,neutral,positive,neutral,positive,neutral
"Semua tipe PCX 2018 keren apalagi yang PCX ABS . Keren banget model nya , bagus dan canggih mesin nya dan hemat BBM - nya .",positive,positive,positive,positive,neutral,neutral
N - Max biaya perawatan mahal bakal lebih boros dari pada kamu naik angkutan umum,neutral,neutral,neutral,neutral,neutral,negative
jujur fortuner ini bandel banget dipakai di medan apa pun,neutral,positive,neutral,neutral,neutral,neutral
"Saya sudah menggunakan Vario 125 esp ini sejak tahun 2016 , keseluruhan selama 2 tahun pemakaian bisa dibilang sangat puas , servis yang murah , bahan bakar irit , dan nyaman .",positive,neutral,positive,neutral,neutral,positive
Kalau di suruh milih . jelas milih cx 3 dong,neutral,neutral,positive,neutral,neutral,neutral
menurut saya dari segi kenyamanan sih bolehlah lumayan si xenia,neutral,neutral,positive,neutral,neutral,neutral
"udah gaya nya stylish ekonomis pula, beli calya deh",neutral,neutral,neutral,positive,positive,neutral
"@DaihatsuInd Xenia itu kita banget ! Cocok diajak ke mana-mana , service gampang , harga terjangkau , mudah dipakai .",neutral,neutral,positive,neutral,positive,positive
secara keseluruhan avanza bagus kecuali pemakaian bensin yang boros sekali,negative,neutral,positive,neutral,neutral,neutral
"kalau sudah di atas 120 km / jam boros banget avanza saya , terus kopling nya memang agak keras juragan .",negative,neutral,neutral,negative,neutral,neutral
"Untuk yang keseharian nya selalu menggunakan kendaraan , motor honda scoopy sangat cocok untuk anda , body yang elegan bahan bakar yang irit dan motor yang nyaman saat dikendarai sangat cocok untuk semua kalangan ;)",positive,neutral,positive,positive,neutral,neutral
yang lebih menenangkan dari daihatsu terios adalah hemat bahan bakar .,positive,neutral,neutral,neutral,neutral,neutral
"xenia Li taun 2005 , saya pakai baik-baik saja . bandel . irit .",positive,positive,neutral,neutral,neutral,neutral
MOBIL ku xenia 1.300 cc irit dipakai nya,positive,neutral,neutral,neutral,neutral,neutral
"Toyota Fortuner adalah kendaraan yang benar-benar di atas harapan . Setelah beberapa lama menggunakan nya , konsumsi bahan bakar kendaraan ini cukup baik dan bisa diandalkan .",positive,neutral,positive,neutral,neutral,neutral
"Harga yang murah , tapi mesin Avanza bagus juga .",neutral,positive,neutral,neutral,positive,neutral
"wah AVS kamu irit banget kak , AVG saya saja sekitar 1:8 sampai 1:9 memang macet sih jalanan .",positive,neutral,neutral,neutral,neutral,neutral
avanza gaya nya jadul ah gak cocok buat mahasiswa,neutral,neutral,neutral,negative,neutral,neutral
"Duh ni bengkel mitsubishi , jelek kali sih . Kayak kandang saja bengkel nya .",neutral,neutral,neutral,neutral,neutral,negative
"ertiga gaya nya oke banget, tarikan juga mantap dan bandel tapi sayang nya boros banget",negative,positive,neutral,positive,neutral,neutral
"fortuner per nya keras , capek",neutral,neutral,neutral,negative,neutral,neutral
avanza kenyamanan nya paling juara,neutral,neutral,positive,neutral,neutral,neutral
"mobil toyota avanza mobil yang murah , tetap tidak murahan .",neutral,neutral,neutral,neutral,positive,neutral
harga jual pun bersaing . untuk saat ini Nmax jadi motor ini paling nyaman digunakan baik untuk harian maupun tur .,neutral,neutral,positive,neutral,positive,neutral
Warna Avanza keluaran terbaru ini menambah mobil menjadi terlihat lebih modern,neutral,neutral,neutral,positive,neutral,neutral
Jok penumpang mobil Wuling Formo terlihat nyaman,neutral,neutral,neutral,positive,neutral,neutral
cukup sebulan buat inden fortuner gak kaya xpander sampe setahun,neutral,neutral,neutral,neutral,neutral,negative
"Mending Calya lah Irit , suspensi nyaman , muat banyak , inline 4 Silinder dengan VVT - i technology bisa buat taksi daring",positive,neutral,neutral,positive,neutral,neutral
Kawasaki Athlete terasa klasik tetapi kurang menarik . kayak setengah-setengah,neutral,neutral,negative,neutral,neutral,neutral
xenia li cukup mumpuni kok sebagai mobil irit dan cukup bertenaga .,positive,positive,neutral,neutral,neutral,neutral
"memang xenia bandel , gue senang banget sama mobil gue ini .",neutral,positive,positive,neutral,neutral,neutral
"Honda Vario 125 2018 sangat nyaman dipakai ya , buat menyalip juga enak , mesin nya halus dibandingkan dengan vario lama",neutral,positive,positive,neutral,neutral,neutral
"Saya dapat harga cuma 118 juta juli 2015 . lumayan murah banget si Wagon , awet , irit .",positive,neutral,positive,neutral,positive,neutral
"Beat street dari bentukan keren banget , eye catching , dari performa juga lumayan untuk motor seharga nya , mesin senyap dan benar-benar halus .",neutral,positive,neutral,positive,neutral,neutral
"Avanza mudah dalam perawatan ,",neutral,neutral,neutral,neutral,neutral,positive
akhirnya saya beli avanza karena bandel parah harga nya juga pas di kantong,neutral,positive,neutral,neutral,positive,neutral
"keseluruhan gue suka xenia . Murah , desain lucu , muat banyak barang , mudah dibawa , enggak perlu parkiran besar lo . pokok nya Maknyus .",neutral,neutral,positive,positive,positive,neutral
"Awal nya saya membeli motor pada tahun 2016 , alhamdulillah sampai sekarang motor saya masih irit dan tangguh di jalan",positive,positive,neutral,neutral,neutral,neutral
"masalah nya , Xenia 2005 kadang-kadang dasbor bunyi ,",neutral,neutral,neutral,negative,neutral,neutral
scoopy tidak cocok untuk mahasiswa,neutral,neutral,negative,neutral,neutral,neutral
"dari segi kenyamanan cortez oke lah, tapi bahan bakar nya itu loh boros banget",negative,neutral,positive,neutral,neutral,neutral
"Apalagi Kalau perjalanan Jauh , dengan bensin yang irit banget bagi saya begitu performa yang stabil , avanza adalah mobil idaman bagi saya Dan juga keluarga besar saya .",positive,positive,neutral,neutral,neutral,neutral
mendingan Mitsubishi Xpander yang rata rata menang disegala aspek,neutral,neutral,positive,neutral,neutral,neutral
"Pokok nya yamaha keren banget semakin di depan tetap yang terbaik motor nya nyaman dipakai , mesin nya halus , mau pria atau perempuan cocok deh pakai yamaha",neutral,positive,positive,neutral,neutral,neutral
yaudah gue enggak ragu ambil Calya ini buat harian,neutral,neutral,positive,neutral,neutral,neutral
"Tetapi kalau untuk kaki-kaki , punya saya agak berisik , apalagi lewat jalan rusak , itu kaki-kaki berasa banget bunyi-bunyi nya .",neutral,neutral,neutral,negative,neutral,neutral
brio pajak nya murah karena ckd daripada ignis atau sirion yg cbu pajak nya agak mahal trus onderdil nya agak susah atau lama kalo mau klaim asuransi,neutral,neutral,neutral,negative,negative,neutral
memang kalo body kalah pajero tapi kalo mesin pasti pajero,neutral,positive,neutral,negative,neutral,neutral
karakter mesin livina kencang di high rpm atau jarak jauh .,neutral,positive,neutral,neutral,neutral,neutral
brio adalah salah satu mobil ekonomis untuk keluarga menengah,neutral,neutral,neutral,neutral,positive,neutral
"enak juga nih xenia 1000 cc , irit dan lincah hehe",positive,positive,positive,neutral,neutral,neutral
Bengkel resmi Yamaha menjual suku cadang dengan harga yang jauh lebih mahal.,neutral,neutral,neutral,neutral,neutral,negative
Toyota Calya memang cocok untuk keluarga sangat hemat bbm sangat irit enak dipakai,positive,neutral,positive,neutral,neutral,neutral
walaupun secara keseluruha oke tapi kalo bensinnya boros jadi malas beli,negative,neutral,positive,neutral,neutral,neutral
"Mobil ku daihatsu xenia ku irit , cocok banget buat keluarga indonesia dengan kursi 7 tambah lagi mesin handal ( 1.300 cc ) walau sudah sejak 2009",positive,positive,neutral,positive,neutral,neutral
@Auto2000ID maaf kenapa ya mobil ya setelah di servis di dealer toyota sekarang mobil nya jadi susah di starter ? Dan sering mati mati,neutral,neutral,neutral,neutral,neutral,negative
"keseluruhan gue suka xenia . Murah , desain lucu , muat banyak barang ,",neutral,neutral,positive,positive,positive,neutral
"Kesimpulan selama pake Fortuner VRZ kenyamanan perlu banget , interior indah jelas bikin betah di mobil",neutral,neutral,positive,positive,neutral,neutral
"fortuner gimana yah ... tenaga biasa aja , kalo pajero sport tenaga gak malu - maluin",neutral,positive,neutral,neutral,neutral,neutral
"dengan harga yang cukup ekonomis, style body dari calya termasuk elegan",neutral,neutral,neutral,positive,positive,neutral
berarti mesin Xenia terbukti bagus dan bandel + irit BBM,positive,positive,neutral,neutral,neutral,neutral
kalau yang aku rasakan sih performa avanza 1.5 lebih lincah dan lebih irit,positive,positive,neutral,neutral,neutral,neutral
Xenia kata nya sih lebih irit dan jangan lupa pajak mobil ditentukan juga oleh CC kendaraan,positive,neutral,neutral,neutral,neutral,neutral
"Si gesit irit motor Honda Beat series tahun 2011 yang selalu setia menemani saya dalam mencari rezeki di kala panas dan hujan , siang dan malam .",positive,positive,neutral,neutral,neutral,neutral
"Xenia yang saya pakai dari 2005 ini biaya perawatan yang rendah dan keandalan mesin yang tinggi ,",neutral,positive,neutral,neutral,neutral,positive
"Saya menggunakan avanza tahun 2009 transmisi manual . kualitas mesin top banget . Walaupun dengan pemeliharaan minimal , tetapi hasil nya maksimal .",neutral,positive,neutral,neutral,neutral,neutral
"kaki-kaki juga aman normal jaya . belum pernah ganti sparepart apa pun kecuali oli radiator dan filter , mantap brio",neutral,neutral,neutral,positive,neutral,neutral
"kalau soal mesin dan bentuk toplah yamaha , kayak sekarang saya pakai nmax 2018 yang memang sudah lama saya incar , dari bentuk saya suka sekali .",neutral,positive,neutral,positive,neutral,neutral
"Jadi kesimpulan saya buat XPander : "" Enggak banget deh . """,neutral,neutral,negative,neutral,neutral,neutral
Yamaha motor injeksi nya lebih mudah dan murah perawatan nya,neutral,neutral,neutral,neutral,neutral,positive
aneh nya kaki-kaki mobil HRV saya sangat berisik . Berisik sekali .,neutral,neutral,neutral,negative,neutral,neutral
Entah kenapa gue melihat mobil ini enggak proporsional dari samping - belakang,neutral,neutral,neutral,negative,neutral,neutral
Honda Beat luar biasa . Mesin nya bandel . Enggak pernah mogok sekalipun .,neutral,positive,positive,neutral,neutral,neutral
"dengan desain aerodinamis , yang membuat mobil Grand New Veloz sangat mudah dikendalikan ,",neutral,neutral,neutral,positive,neutral,neutral
Toyota Rush cocok untuk segala musim berjiwa petualang .,neutral,neutral,positive,neutral,neutral,neutral
"Saya membeli Honda Beat ini pada tahun 2015 , sudah tiga tahun lama nya umur motor ini . Saya bekerja dengan jarak tempuh lumayan jauh dari rumah saya , tetapi terbukti hingga saat ini sangat irit bbm - nya , di lain sisi ada dobel rem yang membuat sepeda ini menjadi luar biasa .",positive,neutral,neutral,positive,neutral,neutral
Kalo soal overall si jelas banget pajero lebih menang ketimbang fortuner,neutral,neutral,negative,neutral,neutral,neutral
"saya pengguna xpander , saya coba di tanjakan-tanjakan dieng dengan penumpang 6 orang dewasa , oke-oke saja kok . Dan memang mantap ini mobil",neutral,neutral,positive,neutral,neutral,neutral
"Saya pakai all New Honda Brio Satya E juragan , sangat nyaman dan bagus , apalagi brand - nya H , harga jual nya juga tetap stabil",neutral,neutral,positive,neutral,positive,neutral
"Grand livina 2011 sampai sekarang enak lari , tapi suara pintu nya keras kalau ditutup .",neutral,positive,neutral,negative,neutral,neutral
"gue pakai xenia li VVTi 2007 , ya sadar sajalah punya mobil murah meriah 1000 cc tuh",neutral,neutral,neutral,neutral,positive,neutral
"kalau kata tukang bengkel , xenia adalah mobil irit . irit bensin ( dapat 1:12 ) .",positive,neutral,neutral,neutral,neutral,neutral
"pakai rush trd enak banget dari bangku , kaki-kaki enak dan saya bawa lari dengan kecepatan hampir 140 km / jam Tidak limbung dan masalah bensin irit banget dan ac dingin",neutral,positive,neutral,positive,positive,neutral
Avanza enak dipakai . sangat cocok buat mobil keluarga . harga nya tidak terlalu mahal buat mobil dengan spesifikasi yang lumayan .,neutral,neutral,positive,neutral,positive,neutral
saya lebih ke mobilio karena dari segi tenaga lebih unggul,neutral,positive,neutral,neutral,neutral,neutral
untuk yang sekarang great new xenia sudah mempunyai fasilitas yang wow dengan harga yang bersahabat bahkan lebih murah daripada rival nya,neutral,neutral,neutral,positive,positive,neutral
"Toyota innova diesel sangat enak dikendarai , mudah perawatan nya dan sangat irit bbm nya",positive,neutral,positive,neutral,neutral,positive
"Saya pake all New Honda Brio Satya E gan , sangat nyaman dan good , apalagi brand nya H , beda dengan suzuki ignis dan Daihatsu sirion",neutral,neutral,negative,neutral,neutral,neutral
Brio saya kondisi mesin bisa dibilang masih sempurna masih bisa 28 km / liter dan digas ke 120 kmh 140 kmh juga masih enteng .,neutral,positive,neutral,neutral,neutral,neutral
"Mobil ini gue akui paling pas untuk kerja dengan mobilitas tinggi , gede nggak , kecil juga nggak , masuk2 kampung gang kecil tanjakan terjal lincah , dan yg paling penting penggerak roda belakang cocok buat segala medan",neutral,positive,neutral,positive,neutral,neutral
"dengan harga cuma 70 - 80 juta dapat mobil yang sangat nyaman , cuma Altis yang bisa",neutral,neutral,positive,neutral,positive,neutral
Yang pertama Li biru dlx+ tahun 2004 AXIC - 1308 . Mobil mantap . Dibawa keliling pulau jawa tanpa ada masalah . baik-baik saja . Lewat tanjakan asoy pula .,neutral,neutral,positive,neutral,neutral,neutral
Kenapa sekelas Fortuner belum ada sunroof nya ya,neutral,neutral,neutral,negative,neutral,neutral
"Honda Beat sangat mengerti di saat kantong lagi tipis tidak pernah rewel , mesin masih halus terus meskipun tiap hari dibawa perjalanan jauh terus",neutral,positive,positive,neutral,neutral,neutral
"Bapak gue punya gl yang facelift 2013 , sampai sini masih bagus , mesin masih enak + bensin V - power , belum pernah turun mesin",neutral,positive,positive,neutral,neutral,neutral
Mitsubishi Colt L300 Pick Up . Mobil Pick Up tangguh dan bandel serta irit cocok untuk menunjang kegiatan niaga Anda,positive,positive,neutral,neutral,neutral,neutral
Toyota maju dong jgn gitu gitu terus harga mahal tp apa yg di dapet dikit bgt,neutral,neutral,negative,neutral,negative,neutral
Mobil WULING CONFERO sangat layak untuk dipilih dan DIBELI sebagai mobil MPV yang nyaman dengan harga terjangkau .,neutral,neutral,neutral,neutral,positive,neutral
Alhamdulillah saya tidak salah pilih memilih kendaraan buat usaha selain dari tenaga nya yang lumayan kencang vario 125 kokoh buat bawa beban banyak dan irit sangat bbm - nya,positive,positive,positive,neutral,neutral,neutral
agya mobil yang bagus dan keren gaya nya,neutral,neutral,positive,positive,neutral,neutral
kata orang yang XI malah lebih irit dari yang LI nih .,negative,neutral,neutral,neutral,neutral,neutral
meskipun honda brio body nya oke tapi kalo mesin nya tidak bagus ya buat apa,neutral,negative,neutral,positive,neutral,neutral
Saya juga pakai hrv om . impresi nya sangat luar biasa dan enak banget dikendarai baik dalam dan luar kota hrv terbaik,neutral,neutral,positive,neutral,neutral,neutral
kalo cuma buat dipakai 2 atau 3 tahun mah mending beli toyota calya aja nilai jual nya tinggi,neutral,neutral,neutral,neutral,positive,neutral
"Wah, Wuling formo dari mesin 1200 cc menarik dengan harga yang kompetitif.",neutral,positive,neutral,neutral,negative,neutral
Toyota rush gagah dan tangguh di medan yang terjal sekalipun dan nyaman di jalan yang mulus .,neutral,neutral,positive,neutral,neutral,neutral
Avanza Veloz 1.5 type 1.5 G nya aja nggak laku banget dan nggak pernah nampak di jalan,neutral,neutral,negative,neutral,neutral,neutral
Saya memiliki motor Vespa sprint itu adalah motor yang saya pakai dari SMA saat masa-masa itu motor paling keren bagus dan ganteng deh pokok nya harga nya bersahabat,neutral,neutral,positive,neutral,positive,neutral
"awal nya saya sedikit ragu untuk membeli Wuling Confero L , namun dengan harga yang begitu ramah , memaksa saya memilih kendaraan ini .",neutral,neutral,neutral,neutral,positive,neutral
"Dari segi harga terlalu mahal , mengingat harga Sparepart Mitsubishi Xpander selangit .",neutral,neutral,neutral,neutral,negative,neutral
"Avanza itu karena bobot nya lebih ringan juragan ,",neutral,neutral,neutral,positive,neutral,neutral
Ini mobil avanza lebih boros daripada mobil BMW,positive,neutral,neutral,neutral,neutral,neutral
"Toyota Avanza , Low MPV dengan Jaringan Penjualan dan Purnajual Terbanyak",neutral,neutral,positive,neutral,positive,neutral
"Pernah Punya Grand Livina XV tahun 2011 dipakai sampai 5 Tahun , dan KM - nya enggak sampai 50.000 . Sumpah ini mobil nyaman banget .",neutral,neutral,positive,neutral,neutral,neutral
semenjak saya pakai toyota calya dompet ku enggak lagi bocor alias bbm - nya irit banget . dan enggak sering mengisi bbm lagi .,positive,neutral,neutral,neutral,neutral,neutral
Calya lari nya juga lumayan kencang mantap jiwa,neutral,positive,neutral,neutral,neutral,neutral
"2018 awal mencoba altis gen 11 facelift , rasanya ini mobil makin-makin irit saja .",positive,neutral,neutral,neutral,neutral,neutral
"Avanza teman terbaik untuk di segala medan jalanan , plus harga nya masih terjangkau .",neutral,neutral,positive,neutral,positive,neutral
"Tetap saja Mobilio masih merupakan Mobil MPV keluarga kelas menengah ke bawah yang paling terbaik dibanding kompetitor nya , bbm paling irit , kabin paling lega sampe baris ke 3 , model paling manis , mesin juga paling kenceng dari kompetitor nya , desain interior juga paling cakep dari kompetitor nya .",positive,positive,positive,positive,neutral,neutral
"sudah 3 tahun saya pakai Honda Vario , sangat nyaman dipakai dan pasti nya irit",positive,neutral,positive,neutral,neutral,neutral
Fortuner lebih mewah lebih besar,neutral,neutral,positive,neutral,neutral,neutral
"bensin 1:15 luar kota ( sudah irit banget kan ) gesit di tikungan , cuma masih standar .",positive,positive,neutral,neutral,neutral,neutral
menurut ane soal kenyamanan jelas all new pajero sport unggul jauh lebih nyaman dibandingkan all new fortuner yg sangat keras menurut ane,neutral,neutral,negative,neutral,neutral,neutral
Fortuner Mobil irit bahan bakar dan nyaman hanya menggunakan biosolar mobil berjalan dengan sempurna dan terbukti dari Jakarta sampai Surabaya dua kali isi solar dan itupun masih bisa dipakai keliling kota Surabaya .,positive,neutral,positive,neutral,neutral,neutral
"Kenyamanan jauh menang xpander , lebih kedap & bantingan nyaman banget . Harga juga lebih murah",neutral,neutral,positive,neutral,positive,neutral
baru sebulan udah sampe inden fortuner mantap sekali,neutral,neutral,neutral,neutral,neutral,positive
"ternyata GPS bawaan xenia nya enggak mengecewakan , anak-anak senang . Lumayan pintar lah , kalau saya bohongi rute nya dia tetap bisa kalkulasi ulang rute yang saya ambil .",neutral,neutral,neutral,positive,neutral,neutral
Nama Toyota dan Honda di indonesia melegenda ... walaupun mahal orang mau beli ... kata nya Spert part nya murah padahal kualitas nya abal2 ... di ketok dikit langsung penyot body nya dan dasbor nya,neutral,neutral,neutral,negative,neutral,neutral
pengalaman kemarin sewa rental di Bali kopling nya agak tinggi jadi pas tanjakan agak menahan-nahan begitu kurang gesit padahal Karimun,neutral,neutral,neutral,negative,neutral,neutral
"gua jadi tau mana yang bagus , dan akhirnya gua meminang veloz",neutral,neutral,positive,neutral,neutral,neutral
"Sudah dua tahun saya memiliki motor Honda Beat ini , motor ini keseharian nya saya pergunakan untuk antar anak sekolah dan bekerja . Motor yang lumayan gesit , lincah dan irit BBM .",positive,positive,neutral,neutral,neutral,neutral
"Vario ban sudah tubeless dan bensin yang irit ditambah bagasi yang lega , bikin hati gembira dan spirit bahagia .",positive,neutral,neutral,positive,neutral,neutral
Mending Calya harga stabil,neutral,neutral,neutral,neutral,positive,neutral
"Avanza lari nya juga lumayan kencang , di tol bisa mencapai 140 km / h.",neutral,positive,neutral,neutral,neutral,neutral
purnajual kembali toyota rush juga masih bagus .,neutral,neutral,neutral,neutral,positive,neutral
Honda Beat Sporty irit bahan bakar dan model nya bagus sporty dan pilihan warna nya banyak tetapi aku suka warna black hard,positive,neutral,neutral,positive,neutral,neutral
Saya sopir operasional . Pakai Altis v. Untuk mesin saya akui enak . tarikan mantap handling - nya wow .,neutral,positive,neutral,positive,neutral,neutral
"Ayah saya tahu karakter mesin , dia bilang karakter mesin nya calya oke",neutral,positive,neutral,neutral,neutral,neutral
"harga nya terbilang murah dengan fitur dan desain yang cukup keren , suzuki baleno 2017",neutral,neutral,neutral,positive,positive,neutral
"punya motor yamaha tidak pernah membuat pusing , karena perawatan yang simple dan murah , serta tak butuh waktu . @YamahaIndonesia #40thYamaha",neutral,neutral,neutral,neutral,neutral,positive
"Beat 2010 merupakan varian beat terbaik di kelas nya dengan tampilan sporty dan aeorodinamis yang baik sehingga sangat lincah di jalanan sewaktu merangsek di kemacetan , lagi pilihan warna juga desain sangat cocok untuk muda di semua gender .",neutral,positive,positive,positive,neutral,neutral
"Toyota rush ini perawatan nya mudah , bengkel banyak di mana-mana .",neutral,neutral,neutral,neutral,neutral,positive
kelemahan avanza power nya suka turun kalo sudah panas,neutral,negative,neutral,neutral,neutral,neutral
"agya agak sedikit mengecewakan, gak bagus",neutral,neutral,negative,neutral,neutral,neutral
Semoga berkembang toyota biar gk ditinggalin customer nya satu per satu,neutral,neutral,negative,neutral,neutral,neutral
benar kata om fitra recall master rem HRV dari dealer antrean nya 3 bulan lebih itu recall,neutral,neutral,neutral,neutral,neutral,negative
avanza kurang banget power nya,neutral,negative,neutral,neutral,neutral,neutral
Tarikan lincah pasti Avanza,neutral,positive,neutral,neutral,neutral,neutral
"Motor beat paling nyaman , dipakai untuk perempuan seperti saya , apalagi dibawa ke mana-mana sangat irit dan harga nya terjangkau dibandingkan motor honda yang lain .",neutral,neutral,positive,neutral,positive,neutral
"Jangan begitu bro , menurut gue Karimun Wagon R kita ini harga nya paling worthy dan nyaman di antara LCGC lainnya .",neutral,neutral,positive,neutral,positive,neutral
"harga purnajual memang Toyota lebih baik . tetapi ya orang macam gua mikir nya beli mobil ya buat dipakai , bukan dijual . Hehe",neutral,neutral,neutral,neutral,positive,neutral
Avanza keren banget ini mobil . daya tahan mesin nya enggak diragukan . di tanjakan enggak memalukan .,neutral,positive,positive,neutral,neutral,neutral
bahan bakar Wuling Confero lumayan irit,positive,neutral,neutral,neutral,neutral,neutral
Altis G MT jadi tunggangan nyaman .,neutral,neutral,positive,neutral,neutral,neutral
mobilio bagus banget design body nya juga oke banget,neutral,neutral,positive,positive,neutral,neutral
Mobil saya Avanza type G 1300 cc tahun 2007 sampai sekarang mesin nya tidak rewel dan bahan bakar masih irit .,positive,positive,neutral,neutral,neutral,neutral
Avanza mobil yang cocok adalah yang irit,positive,neutral,neutral,neutral,neutral,neutral
"Sebener nya alasan saya milih Honda ya karena lebih enak aja tarikan mesin - nya diajak jalan sehari-hari . Lebih cocok dengan selera saya . Jadi minor change atau major change , cuma soal selera",neutral,positive,neutral,neutral,neutral,neutral
tenaga Fortuner kalah jauh lah . Pajero sport mobil paling tangguh,neutral,positive,neutral,neutral,neutral,neutral
Motor mengapa gak Suzuki aja pak ? harga relatif lebih murah dibanding kompetitor .,neutral,neutral,neutral,neutral,positive,neutral
scoopy keren banget body nya juga unik dan cocok buat anak muda penuh gaya,neutral,neutral,positive,positive,neutral,neutral
"saya sebagai pemakai kijang innova tidak merasa kecewa dan sangat puas , perawatan pun tidak terlalu mahal pokok nya mantap .",neutral,neutral,positive,neutral,neutral,positive
Tidak salah pilih avanza . Sudah 10 tahun mobil avanza saya masih bisa melaju kencang secara optimal .,neutral,positive,neutral,neutral,neutral,neutral
"honda jazz full power banget, body mantep, suspensi empuk dan nyaman.",neutral,positive,neutral,positive,neutral,neutral
kijang innova pokok nya juara mobil mewah tetapi harga nya tidak mahal,neutral,neutral,positive,neutral,positive,neutral
lama banget nunggu inden xpander keburu saya jual ini mobil,neutral,neutral,neutral,neutral,neutral,negative
"saya juga baru saja beli tipe deluxe juga , bensin lumayan irit kok kak .",positive,neutral,neutral,neutral,neutral,neutral
"banyak hal menarik di mobil toyota calya ini , harga nya murah",neutral,neutral,neutral,neutral,negative,neutral
Calya mobil nya irit bahan bakar saya isi penuh bisa buat berkeliling-keliling kota-kota jadi enggak sering mampir ke spbu,positive,neutral,neutral,neutral,neutral,neutral
baru beberapa bulan pakai nmax kok sudah bosan ya .,neutral,neutral,negative,neutral,neutral,neutral
"saya percaya , sejauh ini harga jual toyota lebih mahal ketimbang merek yang lain",neutral,neutral,neutral,neutral,positive,neutral
Kok makin jelek aja ya pelayanan di AHAS Terang Anugerah Pamulang,neutral,neutral,neutral,neutral,neutral,negative
kualitas Jok Duduk Avanza nyaman karena telah menggunakan bahan tempat duduk berkualitas bagus,neutral,neutral,neutral,positive,neutral,neutral
Buat dalam kota xpander bagus karna model nya kalem dan kesan nya car city,neutral,neutral,neutral,positive,neutral,neutral
"Motor Honda beat matic yang satu ini menurut ku memang cocok buat semua kalangan , dari segi harga yang murah tetapi tidak membuat produk ini asal-asalan .",neutral,neutral,positive,neutral,positive,neutral
Tetep kalah telak sama pajero sport,neutral,neutral,positive,neutral,neutral,neutral
Saya pakai Xpander karena tidak murahan .,neutral,neutral,positive,neutral,neutral,neutral
"Khusus Xenia , ada pengalaman tahun 2008 digunakan oleh tim proyek . selama 2 bulan , Jakarta - Bandung setiap 2 hari via tol . Tidak ada keluhan sedikit pun .",neutral,neutral,positive,neutral,neutral,neutral
"Mitsubishi ini mobil yang perawatan nya gampang , enak banget",neutral,neutral,neutral,neutral,neutral,positive
"Mobil ini terlalu over price bos , untung menang merek",neutral,neutral,neutral,neutral,negative,neutral
Saya pribadi lebih suka sama design luar dalam CX3,neutral,neutral,neutral,positive,neutral,neutral
@DaihatsuInd banyak yang mengeluh servis ke 2 di astra daihatsu mahal . tolong edukasikan ke bengkel-bengkel resmi jangan mainin harga atau sparepart yang bagus gak perlu diganti,neutral,neutral,neutral,neutral,neutral,negative
"kalau dari segi desain mah veloz juara nya, avanza terlewat jauh",neutral,neutral,neutral,negative,neutral,neutral
"Honda Beat bahan bakar sangat irit , ringan buat menyalip di jalanan macet , mesin tarikan enteng banget .",positive,positive,positive,neutral,neutral,neutral
"Begitu orang melirik Xpander , kesan nya pasti keren desain nya",neutral,neutral,neutral,positive,neutral,neutral
"Langsung kagum bgt dengan kenyamanan nya , mulai dari kedap nya kabin , bantingan suspensi dll",neutral,neutral,positive,positive,neutral,neutral
Yamaha Aerox R tarikan oke mesin hebat bodi sporty,neutral,positive,neutral,positive,neutral,neutral
gila sih ini xenia bandel nya juara dipakai buat rame-rame juga tetep bandel,neutral,positive,neutral,neutral,neutral,neutral
"Gua terang pilih pajero , selain keren model nya dan kelihatan dinamis , mesin juga mantap , model dasboard sporty",neutral,positive,positive,positive,neutral,neutral
"Yamaha 125 ZR bukan enggak laku , harga nya serasa di awang-awang",neutral,neutral,neutral,neutral,negative,neutral
"cocok banget brio ini buat ke kampus, desain body yang kecil gak bikin lebay buat dipakai mahasiswa",neutral,neutral,positive,positive,neutral,neutral
Honda Brio RS CVT mantap bro . Cuma harga agak mahal saja sih,neutral,neutral,positive,neutral,negative,neutral
"kaki-kaki nyaman kabin dan bagasi juga luas banget , interior dan fitur juga terbilang bagus di kelas nya . Pokok nya senang lah pakai hrv",neutral,neutral,neutral,positive,neutral,neutral
dealer dan bengkel nya HRV di situ pelayanan nya bagus banget plus murah mas .,neutral,neutral,neutral,neutral,neutral,positive
hanya motor Athlete ini yang saya enggak sreg dengan kawasaki .,neutral,neutral,negative,neutral,neutral,neutral
"DAIHATSU TARUNA , Selain tampang nya modern kala itu , kapasitas penumpang nya banyak dan tentu saja , mobil ini sudah dibuat ala-ala SUV",neutral,neutral,neutral,positive,neutral,neutral
"kelemahan nya cuma satu , shock nya keras keras keras keras keras",neutral,neutral,neutral,negative,neutral,neutral
tidak pernah bosan saya pakai vario untuk pergi ke kampus .,neutral,neutral,positive,neutral,neutral,neutral
Over price honda brio RS,neutral,neutral,neutral,neutral,negative,neutral
"New Veloz saya rasa udah banyak improvement nya , terutama di bagian suspensi nya dibanding sebelumnya . Mental mentul , body roll , limbung sudah berkurang .",neutral,neutral,neutral,positive,neutral,neutral
Kalo kenyamanan ya juara nya pajero lebih empuk terus jok nya pajero lebih tebel kalo fortuner suspensi nya parah keras banget terus jok nya keras,neutral,neutral,positive,negative,neutral,neutral
"Wuling Formo mobil cina, mesin nya enggak berumur panjang karena di cina juga enggak ada yang umur nya panjang.",neutral,negative,neutral,neutral,neutral,neutral
Suspensi Xpander empuk dan nyaman,neutral,neutral,neutral,positive,neutral,neutral
"Toyota Rush saya , konsumsi bahan bakar nya cukup irit .",positive,neutral,neutral,neutral,neutral,neutral
Pajero dong udah Ganteng luar nya Tenaga nya Juga dapet,neutral,positive,neutral,positive,neutral,neutral
tampilan Avanza bergaya khas crossover ini memiliki kesan sporty dan agresif,neutral,neutral,neutral,positive,neutral,neutral
udah delapan bulan baru jadi lama bener,neutral,neutral,neutral,neutral,neutral,negative
"Udah beli yg rush 2018 , alhamdulillah tidak ada penyesalan sampai saat ini dan insyaAllah seterusnya",neutral,neutral,positive,neutral,neutral,neutral
"Tapi saya bangga punya Karimun Wagon R , mobil ini sangat bisa diandalkan dan ramah di kantong",neutral,neutral,positive,neutral,positive,neutral
gue punya mobil rentalan 50 biji xenia umur nya sudah 3 tahun semua satu pun kagak ada yang meledak mesin nya .,neutral,positive,neutral,neutral,neutral,neutral
selama ini pakai xexi lumayan irit,positive,neutral,neutral,neutral,neutral,neutral
"menurut gue ini mobil agak cengeng sih , alias banyak penyakit , menurut pendapat saya",neutral,neutral,negative,neutral,neutral,neutral
Rush cocok untuk segala medan,neutral,neutral,positive,neutral,neutral,neutral
"Hmm pelayanan nya not recommended lah , masih lebih bagus bengkel non-resmi ( @ Astra International Daihatsu ( Pondok Cabe ))",neutral,neutral,neutral,neutral,neutral,negative
"Ih bengkel honda ini picik banget ya , masa iya aki motor gue ditukar sama yang jelek biar gak bisa hidup terus ada keluhan terus ke sana lagi gitu",neutral,neutral,neutral,neutral,neutral,negative
dengan kualitas yang diberikan & harga yang murah menurut saya sangat sangat worth to buy sekali ignis ini,neutral,neutral,positive,neutral,positive,neutral
"yang saya suka dari avanza itu volume nya yang besar, anak-anak bisa bebas bersantai di dalam mobil",neutral,neutral,neutral,positive,neutral,neutral
brio kalo di ajak lari lincah banget tarikan juga halus,neutral,positive,neutral,neutral,neutral,neutral
kalau brio senyaman ini gak papa mau macet lama juga tetap betah di dalam,neutral,neutral,positive,neutral,neutral,neutral
"Xenia tahun 2008 dipakai selama 2 bulan bolak-balik jakarta - bandung , mesin tidak sekalipun bermasalah .",neutral,positive,neutral,neutral,neutral,neutral
Harga nya 4x4 nya fortuner lebih worth it di Banding Pajero sport,neutral,neutral,neutral,neutral,negative,neutral
brio paling cocok untuk mahasiswa karna style nya yang simpel dan minimalis,neutral,neutral,neutral,positive,neutral,neutral
"Semenjak aku mempunyai sebuah unit honda sonic, hidup mungkin terasa bisa leluasa untuk menjangkau ke mana pun ku mau.",neutral,neutral,positive,neutral,neutral,neutral
"punya HRV E 2018 , tenaga nya juga lumayan",neutral,positive,neutral,neutral,neutral,neutral
"Suka deh sama pilihan mobil avanza yang satu ini , tenaga bagus dan bandel",neutral,positive,neutral,neutral,neutral,neutral
"Seperti inilah rasa mengendarai Nissan GT - R R35 "" Godzilla "" bertenaga 537 hp dengan torsi 612 Nm yang sungguh kencang",neutral,positive,neutral,neutral,neutral,neutral
kelengkapan fitur sama kapasitas cc dan power yang lebih gede .. sirion lebih banyak keunggulan,neutral,positive,neutral,positive,neutral,neutral
"Gue cuma punya setahun Grand Livina, cuma dipakai ke Bali, tenaga nya lemot banget.",neutral,positive,neutral,neutral,neutral,neutral
Rush performa mesin nya juga enggak kalah dengan SUV lain,neutral,positive,neutral,neutral,neutral,neutral
Secara service untuk konsumen daihatsu masih lebih bagus dibanding toyota.,neutral,neutral,neutral,neutral,neutral,negative
"Avanza memiliki kapasitas 7 penumpang yang nyaman dan aman , dan daya tahan lebih baik berkat sasis semi - monokok yang digabung dengan sub-frame juragan",neutral,neutral,neutral,positive,neutral,neutral
"Saya lihat bodi mobilio sangat tipis dan rentan penyok , di jalanan banyak yang bodi nya penyok",neutral,neutral,neutral,negative,neutral,neutral
"Sirion ini terlalu overpriced bos , bisa ngga laku di indonesia",neutral,neutral,negative,neutral,negative,neutral
cukup 10 menit untuk bersihkan injektor motor injeksi Yamaha :D arti nya motor injeksi YMH perawatan murah & mudah,neutral,neutral,neutral,neutral,neutral,positive
saya suka fortuner karena lincah lari nya daripada ertiga yang tenaga nya lemah,neutral,negative,neutral,neutral,neutral,neutral
saya lebih pilih innova untuk mobil keluarga meskipun harga nya lebih mahal .,neutral,neutral,positive,neutral,negative,neutral
Liburan Ke Bali berempat dengan wuling confero s lux+ . BBM yang sangat irit,positive,neutral,neutral,neutral,neutral,neutral
Pajero mempunyai mesin yang lebih bertenaga dan banyak fitur,neutral,positive,neutral,positive,neutral,neutral
inden fortuner cepat sekali datangnya cukup 1 bulan saja,neutral,neutral,neutral,neutral,neutral,positive
"tapi mazda kadang mahal , harga purnajual enggak seberapa",neutral,neutral,neutral,neutral,negative,neutral
Xenia 1.300 cc mesin nya lincah dan bisa beramai-ramai hehe .,neutral,positive,positive,neutral,neutral,neutral
Wuling Confero S punya mesin yang mumpuni dengan tenaga dan torsi yang bagus membuat performa saat ditanjakan bisa menanjak dengan baik tanpa ada suara raungan mesin .,neutral,positive,neutral,neutral,neutral,neutral
Saya pertama coba mengendarai honda beat sporty saya suka tarikan nya lincah dan pada saat tanjakan enteng .,neutral,positive,neutral,neutral,neutral,neutral
Grand Livina XV AT 2008 ngelitik nya parah kak sekarang juga lumayan boros,negative,negative,neutral,neutral,neutral,neutral
Mini masih kalah besar tenaga nya dibanding daihatsu ayla turbo,neutral,positive,neutral,neutral,neutral,neutral
Aduh jadi nyesel ngambil alya,neutral,neutral,negative,neutral,neutral,neutral
"Udh beli yg 2019 tapi ada 1 kekurangan , jok nya kurang nyaman",neutral,neutral,neutral,negative,neutral,neutral
saya punya ertiga yang kalo ac udah nyala kaya gak ada ac nya tetap panas,neutral,neutral,neutral,negative,neutral,neutral
saya akui enak banget Hrv ini mengendarai punya saudara pakai Hrv,neutral,neutral,positive,neutral,neutral,neutral
Fortuner kualitas nya bagus banget juragan .,neutral,neutral,positive,neutral,neutral,neutral
"Sebelum ramadhan 2014 , saya ganti accu di bengkel honda Jakarta center , jayakarta . Belum setahun , sudah soak . Payah",neutral,neutral,neutral,neutral,neutral,negative
"Saya punya Grand Livina XV tahun 2011 irit nya juara , bang .",positive,neutral,neutral,neutral,neutral,neutral
"Pengalaman pakai HRV 1.5 E , berisik shockbreaker pas di tol cikampek dan terbanting-banting kalau duduk di belakang",neutral,neutral,neutral,negative,neutral,neutral
Untuk tenaga daihatsu xenia memang kurang karena 1000 cc .,neutral,negative,neutral,neutral,neutral,neutral
dengan menggunakan avanza yang super irit . pengeluaran saya pun bisa terjangkau .,positive,neutral,neutral,neutral,neutral,neutral
"kalau melihat spesifikasi nya, harga ertiga lumayan overpriced",neutral,neutral,neutral,neutral,negative,neutral
Rush merupakan SUV menengah yang sangat menarik,neutral,neutral,positive,neutral,neutral,neutral
Sejauh ini belum ne mu bengkel resmi mitsubishi yang pelayan nya ' bagus ',neutral,neutral,neutral,neutral,neutral,positive
mobilio lebih stabil tenaga nya saat digunakan berkendara daripada agya yang gak stabil,neutral,negative,neutral,neutral,neutral,neutral
Selalu senang setiap berkendara menggunakan Aerox .,neutral,neutral,positive,neutral,neutral,neutral
@ivangreen_99 : Bengkel Honda no 1 dewi Sartika ga jamin puas servis nya .,neutral,neutral,neutral,neutral,neutral,negative
avanza lincah banget kalo buat lari meskipun gaya nya jadul abis hehe,neutral,positive,neutral,negative,neutral,neutral
"saya menyesal beli mobilio, tetangga beli wuling cortez puas banget",neutral,neutral,positive,neutral,neutral,neutral
jazz tarikan nya lebih oke daripada brio,neutral,negative,neutral,neutral,neutral,neutral
xenia ini mobil paling jelek yang pernah saya punya,neutral,neutral,negative,neutral,neutral,neutral
Bengkel payah . Mobil 3 bulan gak dikerjain juga . Bengkel yang mengecewakan ( @ Honda Prima Bekasi ),neutral,neutral,neutral,neutral,neutral,negative
Bengkel honda payah bro ! Ngaret . Bengkel sebelah on time . #noted,neutral,neutral,neutral,neutral,neutral,negative
Kok bengkel toyota payah banget sih . Kata nya bakal dipanggil nomor nya tapi nomor nya manual :(,neutral,neutral,neutral,neutral,neutral,negative
"MOBIL ku xenia 1,3 cc puas banget pakai nya .",neutral,neutral,positive,neutral,neutral,neutral
gua lebih pilih Fortuner karna tampilan nya gagah tidak seperti pajero,neutral,neutral,negative,neutral,neutral,neutral
fortuner gaya nya stylish banget cocok buat kamu yang hobi main instagram,neutral,neutral,neutral,positive,neutral,neutral
Bengkel ahas togosari service nya tidak memuaskan mekanik nya gak fokus dan jelek . tidak seperti dulu . gimana itu bos .,neutral,neutral,neutral,neutral,neutral,negative
brio mobil nya jelek banget gak bagus .,neutral,neutral,negative,neutral,neutral,neutral
avanza 1.3 L memang irit kalau dibawa 60 - 80 km / jam .,positive,neutral,neutral,neutral,neutral,neutral
ertiga beneran mudah dipakai nya,neutral,neutral,positive,neutral,neutral,neutral
Fortuner kalo kalian pilih itu pasti ngga bakal nyesel fortuner itu canggih,neutral,neutral,positive,neutral,neutral,neutral
Tergantung mau pakai nya berapa lama . Kalau 2 - 3 tahun mau ganti mending brio bro karena harga honda turun enggak jauh-jauh amat .,neutral,neutral,neutral,neutral,positive,neutral
livina di tempat gue bensin nya asli boros banget kalau soal ngelitik memang iya,negative,negative,neutral,neutral,neutral,neutral
"Perasaan liat di jalan veloz ini padahal baru tapi liat nya biasa aja ya , kurang greget",neutral,neutral,negative,neutral,neutral,neutral
All - new Brio dengan harga termurah 135 - an juta tidak layak .,neutral,neutral,neutral,neutral,negative,neutral
"Ambil mobil di Bengkel Honda Pondok Indah . sudah selesai servis , tapi mobil kotor banget . tapi teknisi ngotot sudah dicuci .",neutral,neutral,neutral,neutral,neutral,negative
Saya baru ambil HRV prestige akhir tahun 2017 . Keseluruhan enak dikendarai .,neutral,neutral,positive,neutral,neutral,neutral
mesin wuling confero ini tidak berisik,neutral,negative,neutral,neutral,neutral,neutral
"pakai hr - v 1.8 merasakan juga kalau mobil ini kabin nya luas , interior nya bagus .",neutral,neutral,neutral,positive,neutral,neutral
Wuling cortez ini kayak nya nyaman banget sih daripada avanza,neutral,neutral,negative,neutral,neutral,neutral
mobil mitsubishi sekarang sudah gratis biaya servis dan sparepart selama 5 tahun .,neutral,neutral,neutral,positive,neutral,positive
fortuner sparepart nya susah dicari,neutral,neutral,neutral,negative,neutral,neutral
"Buat yang orientasi pengendara , Mitsubishi ini cocok banget mau mobil yang menyenangkan untuk dikendarai enak dibawa luar sama dalam kota",neutral,neutral,positive,neutral,neutral,neutral
"Mobil honda emang keren , saya punya honda CRV tahun 2006 sampai sekarang masih mulus ,",neutral,neutral,positive,neutral,neutral,neutral
terus radio nya HRV nyala sendiri dengan volume maksimal . enggak bisa dimatikan dan dikecilkan .,neutral,neutral,neutral,negative,neutral,neutral
